rank,trial,mean_fpr,std_fpr,worst_fold_fpr,mean_pr_auc,mean_roc_auc,mean_precision,median_best_iteration,best_iterations,mean_training_rows,rus_ratio,learning_rate,tree_shape,min_child_samples,feature_fraction,reg_alpha,reg_lambda,min_split_gain,cat_smooth,cat_l2,relative_fpr_reduction_vs_baseline,relative_fpr_reduction_vs_screen_rus15
1,43,0.190593244792907,0.019701583085737977,0.21750978042106692,0.049455510498783675,0.8942162035772926,0.017511717476985544,265,"[109, 265, 567, 448, 261]",8928.0,5,0.026485341497747728,d3_l7,50,0.9,0.01,0.01,0.1,50.0,1.0,0.16751779685678284,0.10805055223770939
2,53,0.1910839556854069,0.018448454064550254,0.21670699441441849,0.048999258935721324,0.8940655437863885,0.017448545564988323,252,"[117, 126, 408, 580, 252]",8928.0,5,0.028259286618632903,d3_l7,50,0.9,0.01,0.01,0.1,50.0,1.0,0.1653744465751999,0.10575409461639236
3,21,0.19143670465783744,0.0177514981412036,0.21109402559811857,0.04608720282917794,0.8936706877086278,0.017417142860865712,74,"[20, 34, 148, 74, 90]",8928.0,5,0.098666909424974,d5_l15,50,0.9,0.01,0.01,0.1,50.0,1.0,0.16383369290344957,0.10410327928188243
4,33,0.1914457596453947,0.022860178167063358,0.22187422265439496,0.04730868537994175,0.8940711305454645,0.017480967645617133,234,"[143, 218, 353, 489, 234]",8928.0,5,0.030205854773420047,d3_l7,50,0.9,1.0,0.01,0.1,50.0,1.0,0.1637941420998558,0.10406090321991877
5,22,0.19156107599128985,0.015769825012396623,0.20709617602496552,0.04752842191891312,0.89340013608999,0.017377301170058944,69,"[22, 58, 97, 79, 69]",8928.0,5,0.09751029981938089,d5_l15,50,0.9,0.01,0.01,0.1,50.0,1.0,0.16329045790163813,0.10352123901959046
6,42,0.1915792023559383,0.018796093349308887,0.21866307862780127,0.04932397408071766,0.894146594854841,0.017407810886686637,231,"[109, 231, 556, 523, 204]",8928.0,5,0.028123059290133662,d3_l7,50,0.9,0.01,0.01,0.1,50.0,1.0,0.16321128470746787,0.10343641019496082
7,23,0.1916221125005458,0.01805366688683877,0.212823933788612,0.047588535280534514,0.8937338001809414,0.017396141158438756,109,"[41, 58, 109, 165, 109]",8928.0,5,0.05919042416937499,d5_l15,50,0.9,0.01,0.01,0.1,50.0,1.0,0.16302385974516734,0.10323559678298683
8,41,0.1919636189577148,0.017354596899356898,0.21684267655638723,0.04872405454025167,0.8941674526580504,0.017366349582107442,227,"[97, 125, 489, 415, 227]",8928.0,5,0.030288882305889192,d3_l7,50,0.9,0.01,0.01,0.1,50.0,1.0,0.1615322116641423,0.1016373948309181
9,26,0.19197266364131704,0.016970954748701982,0.21424210216865291,0.049267565292572216,0.894253427870123,0.017350917840847933,187,"[86, 105, 467, 304, 187]",8928.0,5,0.036598601309708864,d3_l7,50,0.9,0.01,0.01,0.1,50.0,1.0,0.16149270586665138,0.10159506699000763
10,15,0.19224406597087138,0.015408984687826064,0.2179620542276294,0.048978275860123106,0.8935938556680167,0.01730489265672614,80,"[26, 80, 53, 105, 83]",31248.0,20,0.09537303250101815,d5_l15,200,0.6,0.01,0.01,0.1,50.0,1.0,0.16030726191510372,0.10032494244687169
11,56,0.19311687712456765,0.020123706029389246,0.21588801953778664,0.0488559182812069,0.8932699315204088,0.017289551541433554,234,"[117, 234, 383, 510, 200]",8928.0,5,0.026880369480953584,d3_l7,50,1.0,0.01,0.0,0.05,50.0,20.0,0.15649495601230767,0.09624030960804227
12,38,0.1939060810332522,0.01990026761234617,0.21619329745375604,0.0476417878973015,0.8938622627825769,0.01722026468305626,73,"[27, 48, 156, 73, 92]",16368.0,10,0.0846917375254889,d3_l7,100,0.7,1.0,0.0,0.0,50.0,1.0,0.15304783379480824,0.09254694685907454
13,51,0.19391745108337405,0.016332170845744967,0.21692182447253566,0.04745862118151152,0.8939234858609192,0.017172096265466303,120,"[55, 80, 214, 240, 120]",8928.0,5,0.04316866922856908,d5_l15,50,0.9,0.01,0.01,0.1,50.0,1.0,0.15299817115127867,0.09249373663151246
14,36,0.1948717153717467,0.01423277587943606,0.20764551580661209,0.04474224417143725,0.8924850900915005,0.017069864407771772,115,"[65, 67, 115, 157, 150]",8928.0,5,0.048626043296025254,d6_l31,50,1.0,1.0,0.01,0.5,50.0,1.0,0.14883009038835063,0.08802791463473554
15,52,0.19545058263369633,0.019456710130255375,0.21909909095020577,0.04520607575345661,0.891970334536692,0.017077186905093064,247,"[90, 132, 480, 477, 247]",8928.0,5,0.025365274653774993,d8_l31,50,0.9,0.01,0.01,0.1,50.0,1.0,0.14630168654025552,0.08531889766414633
16,25,0.19605441022524334,0.015029250940024089,0.21573460573030914,0.04819235447121906,0.8933200529318341,0.016972355412595765,98,"[54, 60, 218, 140, 98]",8928.0,5,0.056651456360228565,d5_l15,50,0.9,0.01,0.01,0.1,50.0,5.0,0.14366425978215658,0.08249306987885836
17,16,0.19615389128666183,0.02111079533445177,0.2180864295244341,0.046292258208778976,0.893558092969595,0.017044551695024522,49,"[24, 30, 49, 82, 55]",8928.0,5,0.09822061620787768,d5_l15,50,0.9,0.01,0.01,0.1,50.0,1.0,0.14322974168960467,0.08202751257176993
18,17,0.1965699530434551,0.02198587838855242,0.21941567545565555,0.046492706511642556,0.8936578395934383,0.017021184890782665,53,"[24, 39, 68, 138, 53]",8928.0,5,0.09966366063151778,d5_l15,50,0.9,0.01,0.01,0.1,50.0,1.0,0.14141244743914347,0.0800804023548785
19,27,0.19671246454845975,0.02113342737521674,0.22889577350127768,0.04936133022100951,0.8920288646009897,0.016981946775764464,95,"[37, 50, 193, 204, 95]",8928.0,5,0.07798603282144555,d5_l31,50,0.9,0.01,0.01,0.1,50.0,1.0,0.14078997893671336,0.07941346865359859
20,44,0.19728227311571023,0.026609986440892432,0.2277034055447515,0.04137622303274728,0.8927957969291136,0.017025339066723325,203,"[104, 202, 203, 581, 362]",8928.0,5,0.026556629317594442,d3_l7,50,0.7,10.0,0.0,0.1,50.0,1.0,0.13830114208444205,0.07674684509387317
21,28,0.19730491326903238,0.020432442413449915,0.2210601298025825,0.045672843291813835,0.8916692737048937,0.016928716991950907,60,"[27, 50, 60, 132, 134]",8928.0,5,0.07932307423265536,d6_l63,50,0.9,0.1,0.01,0.5,50.0,1.0,0.1382022533502815,0.07664089237621578
22,54,0.1974224276515541,0.027124955896920985,0.23751752521369454,0.047772552060935176,0.8921754982589029,0.017023119656623734,174,"[162, 174, 64, 637, 343]",8928.0,5,0.019234137324548407,d3_l7,50,0.9,0.01,0.01,0.1,50.0,1.0,0.13768896846356374,0.07609094167513891
23,8,0.19760115895270755,0.01899423926107421,0.2259220732231293,0.049807429503828035,0.8914506258749857,0.016883148736955407,53,"[69, 98, 53, 50, 36]",31248.0,20,0.09012915111444605,d8_l31,50,0.6,0.01,0.0,0.01,50.0,1.0,0.1369082974197576,0.0752545044470783
24,59,0.19770519962198838,0.01879581893159209,0.2215350172994731,0.04434146929177077,0.8899730518357598,0.016877058393114153,86,"[86, 98, 66, 73, 92]",90768.0,60,0.03933857273638326,unlimited_l63,50,0.6,0.1,5.0,0.0,50.0,1.0,0.13645386365599274,0.07476760881963525
25,50,0.19773682012940336,0.023446528161149748,0.22394961783727557,0.04285315493071888,0.8924468465923632,0.0169343745862033,280,"[236, 280, 280, 536, 283]",8928.0,5,0.02217430529244393,d6_l63,100,0.7,5.0,0.1,0.1,50.0,5.0,0.13631575010581978,0.07461962931407931
26,11,0.1978793072673769,0.014268790640012125,0.21490920603333258,0.045885441209135645,0.8928266000027394,0.016809503806874706,239,"[145, 375, 169, 239, 257]",31248.0,20,0.022788509409372475,unlimited_l63,200,0.6,5.0,0.1,0.05,50.0,20.0,0.13569338803486247,0.07395280964706107
27,45,0.1980443213172039,0.022229779749488292,0.2274772737551445,0.05145556528383769,0.8934017484370067,0.016886412475564733,233,"[110, 233, 129, 414, 308]",23808.0,15,0.018859564728351222,d3_l7,100,0.9,0.1,0.01,0.1,50.0,1.0,0.13497263185119593,0.07318056721645376
28,46,0.19868880809131279,0.028483189454868326,0.23508660847541948,0.04783995436588259,0.8918837648433474,0.01693410794132256,371,"[240, 371, 113, 1429, 562]",8928.0,5,0.012725091741205818,d3_l7,50,0.9,0.01,0.1,0.01,50.0,1.0,0.13215761198944898,0.07016446020342118
29,3,0.19925873419546858,0.018512305530101313,0.22601252798444177,0.04482004810222731,0.8909731090908501,0.016734988634294873,245,"[51, 193, 290, 262, 245]",23808.0,15,0.0211509720216856,unlimited_l63,200,0.7,0.0,0.1,0.05,50.0,10.0,0.1296682617539148,0.06749728658759116
30,55,0.19969066874602115,0.012308209316204365,0.21806381583410597,0.04320610175559022,0.8912968864160133,0.016640627168222864,394,"[35, 331, 781, 394, 492]",8928.0,5,0.032851461549283194,d3_l7,200,0.9,0.01,0.01,0.01,20.0,1.0,0.12778163756296623,0.06547589393931846
31,35,0.20044365426394634,0.017854266499946116,0.22005382058298092,0.04681194111914042,0.891214916124839,0.016635964172804933,265,"[401, 156, 305, 265, 115]",23808.0,15,0.029408382381977852,unlimited_l31,50,0.9,1.0,5.0,0.1,50.0,10.0,0.12449271174831625,0.06195202814010748
32,48,0.2005228600926856,0.02035940758392464,0.23261572556025417,0.04859992409387559,0.8902522822109369,0.016651072954048423,139,"[115, 139, 186, 108, 159]",90768.0,60,0.020998839969633094,d6_l31,400,0.8,0.01,1.0,0.05,50.0,20.0,0.12414675277751276,0.061581356056318204
33,10,0.20132107209690045,0.019103790278999375,0.22565070893919179,0.045354363645021226,0.8902219361944856,0.01657299512880844,76,"[76, 185, 52, 68, 175]",31248.0,20,0.02467177000210154,d8_l31,50,0.6,0.01,1.0,0.1,20.0,5.0,0.12066028457363617,0.0578458366934454
34,12,0.2019338850026598,0.023029116971117557,0.22722852878657682,0.04375566610437106,0.8879782131880614,0.0165758169442273,148,"[110, 169, 8, 148, 388]",31248.0,20,0.023511026046966657,unlimited_l63,50,0.6,5.0,0.1,0.05,50.0,20.0,0.11798361133447989,0.05497795890760062
35,29,0.2023997147500563,0.012462106409842025,0.21929130297137173,0.0410262072755232,0.8884072648707809,0.01642180365235141,96,"[26, 38, 134, 125, 96]",23808.0,15,0.05900861372413685,d4_l15,20,1.0,10.0,1.0,0.0,20.0,5.0,0.11594893809711694,0.05279794152874216
36,9,0.20258292059388613,0.018841421500552676,0.22723366726216052,0.04659506884383705,0.8907519778909876,0.01646941125819183,307,"[312, 250, 417, 172, 307]",90768.0,60,0.010550473129393062,d6_l63,100,0.8,1.0,5.0,0.05,50.0,1.0,0.11514872293384666,0.05194056407337432
37,18,0.2028226733966378,0.021590689102223056,0.23379163745731665,0.04166453210408498,0.890502910944775,0.016482316521999628,160,"[37, 139, 278, 166, 160]",8928.0,5,0.06949180260885074,d5_l15,200,0.9,0.01,0.01,0.1,20.0,1.0,0.11410151928472821,0.05081855484242725
38,14,0.20290403295120701,0.02392762835059363,0.23586079012234007,0.04039366459820237,0.8885943528159725,0.016506774344655577,288,"[288, 189, 353, 107, 495]",31248.0,20,0.017197881647050023,d3_l7,400,0.6,5.0,5.0,0.05,20.0,20.0,0.11374615316822112,0.05043780362615482
39,4,0.20374749552597193,0.015960375871642406,0.22484792293254335,0.039779525501877154,0.8903265758656277,0.016343327517253935,61,"[50, 168, 105, 50, 61]",16368.0,10,0.08505456981059523,unlimited_l31,400,0.7,0.01,0.0,0.01,50.0,10.0,0.1100620373787444,0.04649051798868543
40,24,0.20446211243056633,0.017946667112617876,0.22704145089437144,0.04188075267781029,0.8882435586038853,0.016309445469721295,50,"[50, 35, 78, 61, 23]",8928.0,5,0.058358171404899795,d5_l15,50,0.9,0.01,1.0,0.1,10.0,1.0,0.10694069981094896,0.04314621187695961
41,7,0.2047289480957209,0.019365354316326907,0.229133217249723,0.04588294123647097,0.8899783619354362,0.016304541246236696,75,"[23, 44, 75, 177, 99]",90768.0,60,0.06458228319438214,d4_l15,100,0.8,0.0,10.0,0.01,50.0,1.0,0.10577520235249274,0.04189745867777617
42,37,0.20474249109938686,0.016434578735783138,0.2226430881255512,0.03866052864803088,0.8907885840304433,0.01627026584723216,319,"[202, 319, 292, 424, 515]",8928.0,5,0.015307307181629393,d5_l15,400,0.9,0.0,0.01,0.1,1.0,10.0,0.1057160485795389,0.041834079334746345
43,57,0.20559500656582536,0.02340737255913094,0.23238433358961602,0.05298579255244977,0.8888803034947583,0.016298598428356563,80,"[42, 114, 185, 19, 80]",46128.0,30,0.02862096001399965,d3_l7,50,0.9,0.01,0.01,0.1,50.0,1.0,0.10199239114096845,0.037844427443752736
44,32,0.20570126963714902,0.0207488476511975,0.23056397268327983,0.05186556672817401,0.8892658948243547,0.01624457505359574,67,"[66, 84, 137, 67, 62]",46128.0,30,0.03707139747893646,d3_l7,50,1.0,0.01,0.01,0.1,50.0,1.0,0.10152825026428412,0.03734713128885672
45,39,0.20590025410577928,0.01951043652472959,0.22517072950115327,0.04653668360265133,0.8867891074021047,0.01621662633573677,52,"[255, 45, 63, 8, 52]",46128.0,30,0.06785175436588332,unlimited_l31,50,0.9,0.0,0.01,0.01,50.0,5.0,0.10065911647616592,0.03641591209952563
46,20,0.2064045679602647,0.01739694363330442,0.22620474435223084,0.03881398639744378,0.8901457874280609,0.016148348932122036,104,"[45, 104, 99, 152, 132]",8928.0,5,0.07617545395562808,d5_l31,400,0.9,0.1,0.01,0.1,1.0,1.0,0.0984563505328406,0.03405579453871744
47,31,0.20648601396179483,0.016049659237116574,0.22367201103548087,0.04256619590689238,0.8869833224507635,0.016132149021920263,131,"[75, 76, 236, 131, 389]",8928.0,5,0.03619482898636437,d3_l7,50,0.9,0.01,0.01,0.1,10.0,1.0,0.09810060682920266,0.03367463876288618
48,49,0.20829734161351418,0.018554130030497606,0.2331810678184573,0.04196256342630428,0.886075638177547,0.016013466598700784,141,"[102, 141, 158, 211, 101]",8928.0,5,0.03262089189682783,unlimited_l63,20,0.9,0.0,0.01,0.1,10.0,1.0,0.0901890041081514,0.025197881360371124
49,5,0.20885589107113556,0.017672511219585258,0.23402908120576196,0.035591895283937115,0.8853976797267699,0.015961858623378657,77,"[5, 69, 87, 137, 77]",8928.0,5,0.0684388172612497,d6_l31,100,0.7,10.0,0.0,0.0,1.0,20.0,0.08774934532827004,0.022583948842381615
50,13,0.2103777633842993,0.010831830647211339,0.22256394020940276,0.03870999827292513,0.8846949593901827,0.01579542995657803,210,"[92, 227, 262, 210, 195]",31248.0,20,0.031120450917660896,d8_l31,200,0.6,5.0,10.0,0.5,5.0,20.0,0.08110203934666595,0.015461801513571113
51,30,0.2110245545588431,0.013954679099259765,0.23241220234730106,0.03478280695326243,0.8840271947043595,0.015767465531341413,57,"[28, 97, 40, 57, 75]",8928.0,5,0.05194925808333802,d8_l63,50,0.8,0.01,10.0,0.1,5.0,10.0,0.07827695421553829,0.012434910232200062
52,34,0.21119642867986088,0.02435686690772122,0.23727414576784786,0.03987541218746926,0.8841547218121347,0.015878272957583196,59,"[68, 169, 48, 59, 8]",16368.0,10,0.015568672823834236,d5_l15,20,0.9,1.0,0.01,0.0,10.0,1.0,0.07752623428795825,0.011630563638001502
53,0,0.21368166690507467,0.012441869524481675,0.23148504104384796,0.04616157676815137,0.8833545062349236,0.015564334712455658,80,"[54, 80, 92, 46, 259]",23808.0,15,0.05,unlimited_l31,20,1.0,0.0,0.0,0.0,10.0,10.0,0.06667109304037762,-3.896765129779568e-16
54,47,0.2174626353255693,0.02127593442980664,0.2508536668098867,0.035337259751294765,0.8821437791626856,0.01537496418791839,112,"[46, 210, 128, 29, 112]",16368.0,10,0.027005783703495486,d4_l15,50,0.9,1.0,5.0,0.5,5.0,10.0,0.05015640006619388,-0.01769439781735869
55,1,0.21849602063201923,0.015101366966659648,0.23636959815472286,0.042238691588005764,0.8805470598630712,0.015242411030478863,60,"[60, 128, 121, 24, 30]",46128.0,30,0.05,unlimited_l31,20,1.0,0.0,0.0,0.0,10.0,10.0,0.04564273077248934,-0.02253049499601364
56,58,0.21927618210740904,0.020750321988614474,0.24621786029262116,0.03370575826443486,0.883478149133048,0.015236573675001946,167,"[177, 167, 261, 121, 159]",8928.0,5,0.023883493511216384,d5_l31,50,0.9,10.0,10.0,0.1,1.0,1.0,0.042235104523481046,-0.02618154043519205
57,2,0.22084787418773244,0.018484655591917153,0.24904457158363674,0.035566167036615505,0.8774284999071174,0.015106588630421632,70,"[107, 392, 24, 33, 70]",16368.0,10,0.011430983876313222,d6_l31,200,0.9,1.0,0.01,0.5,5.0,5.0,0.035370193402879446,-0.03353683723293561
58,19,0.22190158325536205,0.01750634685784869,0.2421587028787228,0.03981759653945645,0.8791201906076695,0.015029365597741522,68,"[124, 14, 164, 68, 13]",46128.0,30,0.04074778449123928,d5_l15,20,0.9,10.0,0.01,0.1,5.0,1.0,0.030767753022343313,-0.038468046741413034
59,40,0.22388704013255287,0.01509720351339707,0.24448238433358963,0.034589776316757845,0.8780849070051829,0.014877567080861742,27,"[27, 28, 24, 40, 17]",90768.0,60,0.08689181336152417,d8_l63,50,0.8,1.0,10.0,0.1,1.0,1.0,0.022095580421653244,-0.04775970430824038
60,6,0.23073895600810035,0.009759900086777691,0.24313109156283214,0.03774188580419417,0.8701717610674781,0.014422315405411997,7,"[7, 7, 27, 7, 12]",90768.0,60,0.04463061784492517,d8_l63,50,0.7,0.1,0.1,0.01,1.0,1.0,-0.007832542319662471,-0.07982570217688935
