rank,trial,mean_fpr,std_fpr,worst_fold_fpr,mean_pr_auc,mean_roc_auc,mean_precision,median_best_iteration,best_iterations,mean_training_rows,rus_ratio,learning_rate,tree_shape,min_child_samples,feature_fraction,reg_alpha,reg_lambda,min_split_gain,cat_smooth,cat_l2,relative_fpr_reduction_vs_baseline,relative_fpr_reduction_vs_screen_rus15,relative_fpr_reduction_vs_broad_best
1,34,0.18657478895360402,0.01882051178242743,0.20885532088100944,0.04930938027120596,0.8967200197762896,0.017876059311173403,109,"[53, 135, 109, 73, 116]",11904.0,7,0.09885115038768211,d3_l7,50,0.8,0.01,0.01,0.1,100.0,5.0,0.18506979862878464,0.1268563576093426,0.02108393633609275
2,8,0.18884743732003445,0.020873546637708504,0.21535660983221022,0.05137020231066376,0.8947539904569795,0.017691298193754673,54,"[46, 38, 66, 82, 54]",16368.0,10,0.08519129283094373,d3_l7,100,0.8,0.1,0.1,0.2,100.0,5.0,0.1751432174369299,0.11622068446364393,0.009159860176416564
3,38,0.18906000242950172,0.02075708885461064,0.21526615711636743,0.04958137476949611,0.8958363864215055,0.0176689363447435,85,"[65, 79, 85, 212, 86]",11904.0,7,0.07536717752081999,d3_l7,50,0.8,0.01,0.0,0.1,100.0,5.0,0.17421476548243925,0.11522590979464205,0.008044578731377768
4,32,0.18908034283590883,0.0241188749527855,0.21736918275971237,0.0503876330745829,0.8958548384106949,0.017722017373843192,59,"[42, 232, 59, 41, 107]",11904.0,7,0.09871378638723818,d3_l7,50,0.8,0.01,0.01,0.1,100.0,5.0,0.17412592169179486,0.11513071956750784,0.007937857181885227
5,31,0.18947383066120377,0.019832223263357207,0.21285785355705306,0.05033520649292507,0.8962979856807006,0.017616029552290267,218,"[177, 207, 218, 256, 253]",11904.0,7,0.028734905150955344,d3_l7,50,0.8,0.01,0.01,0.1,100.0,5.0,0.1724072269286751,0.11328925215949785,0.005873314832955213
6,33,0.18969094021653804,0.020411952896371276,0.2129369996834155,0.04977712701035153,0.8951980828446885,0.017608397999249258,59,"[48, 77, 59, 64, 45]",11904.0,7,0.09577682749355847,d3_l7,50,0.8,0.01,0.01,0.1,100.0,5.0,0.17145892552825295,0.11227321012613652,0.004734189699899335
7,39,0.18980624538907143,0.019643478596027556,0.21388675319976483,0.05004664576775351,0.8962991142222784,0.017582834511488083,84,"[84, 80, 74, 130, 146]",11904.0,7,0.0778649875182803,d3_l7,50,0.8,0.1,0.0,0.1,100.0,5.0,0.17095529013357408,0.11173359821556204,0.0041292093258117136
8,35,0.19034217949484752,0.022891021708708662,0.21989055221383022,0.04996007972292047,0.8956363197948081,0.017582295046725746,69,"[81, 59, 69, 86, 69]",11904.0,7,0.07503899190143866,d3_l7,50,0.8,0.01,0.01,0.1,100.0,5.0,0.16861441175878775,0.10922550234782351,0.0013172832979064324
9,26,0.19043271451496566,0.018399835572262806,0.2203025711765903,0.050574170693817824,0.8954354900880592,0.01750281315679844,322,"[154, 446, 382, 316, 322]",5952.0,3,0.026291756592289002,d3_l7,50,0.8,0.01,0.01,0.1,100.0,5.0,0.16821896860920785,0.10880181124961455,0.0008422663568993953
10,36,0.1905864027990587,0.022355110967441486,0.21771968703360317,0.04920275013693386,0.8955203977893005,0.017551332091442634,69,"[53, 84, 51, 164, 69]",11904.0,7,0.098869636876622,d3_l7,50,0.8,0.1,0.0,0.1,100.0,5.0,0.1675476816416236,0.10808257180189294,3.589840687035334e-05
11,0,0.190593244792907,0.019701583085737977,0.21750978042106692,0.049455510498783675,0.8942162035772926,0.017511717476985544,265,"[109, 265, 567, 448, 261]",8928.0,5,0.026485341497747728,d3_l7,50,0.9,0.01,0.01,0.1,50.0,1.0,0.16751779685678284,0.10805055223770939,0.0
12,17,0.19087587117761318,0.022258505916325985,0.21895210528696124,0.04954344718435065,0.8955183065616316,0.017525309376416255,231,"[189, 164, 334, 231, 258]",16368.0,10,0.02742914536023397,d3_l7,100,0.8,0.0,1.0,0.1,100.0,1.0,0.1662833279454516,0.10672790070283664,-0.0014828772395016274
13,21,0.191054537050087,0.022303007053638378,0.21504002532676045,0.04956289324477591,0.8954141483787879,0.017510575270810697,226,"[189, 164, 336, 256, 226]",16368.0,10,0.027427488566952346,d3_l7,100,0.8,0.0,1.0,0.1,100.0,1.0,0.16550294268413177,0.10589176967174925,-0.00242029699258859
14,27,0.1915520247112635,0.019750124258744832,0.2151466497817779,0.04933556423065718,0.8940682559032076,0.017424473465624278,91,"[26, 61, 116, 109, 91]",5952.0,3,0.08319206248429818,d3_l7,50,0.8,0.01,0.01,0.1,100.0,5.0,0.16332999251130273,0.10356359773083341,-0.005030503150299355
15,1,0.19156107599128985,0.015769825012396623,0.20709617602496552,0.04752842191891312,0.89340013608999,0.017377301170058944,69,"[22, 58, 97, 79, 69]",8928.0,5,0.09751029981938089,d5_l15,50,0.9,0.01,0.01,0.1,50.0,1.0,0.16329045790163813,0.10352123901959046,-0.005077993186140763
16,37,0.19244071712179991,0.02007158996982192,0.21930260956085207,0.049223607755533416,0.8960866163955992,0.017348439946583315,112,"[51, 194, 56, 112, 118]",11904.0,7,0.08520753976762536,d3_l7,50,0.8,1.0,0.01,0.2,100.0,5.0,0.159448319702574,0.09940464285460064,-0.009693272869667079
17,23,0.19245205395887083,0.023442543757731055,0.21755500780172315,0.05101531477180447,0.8953634766178071,0.0174030460992684,107,"[91, 79, 328, 160, 107]",16368.0,10,0.04532689487186964,d3_l7,100,0.8,0.0,1.0,0.1,100.0,1.0,0.15939880212858168,0.09935158805942278,-0.00975275471060657
18,10,0.19281838011966554,0.01974123528059759,0.21536791642169056,0.050220733570545864,0.8952514577450424,0.017311658389758712,56,"[56, 37, 78, 49, 82]",16368.0,10,0.08536657244908911,d4_l15,100,0.8,0.1,0.1,0.2,100.0,5.0,0.1577987453703333,0.09763723340232695,-0.011674785899029592
19,22,0.19297215290703643,0.01989514993084956,0.21465560128442857,0.05039643816469826,0.8954264286395899,0.017299177631472328,233,"[172, 136, 543, 233, 234]",16368.0,10,0.026841029985535007,d3_l7,100,0.8,0.0,1.0,0.1,100.0,1.0,0.1571270893053291,0.09691759849120846,-0.012481597218801037
20,24,0.19306261311468348,0.022890495872156854,0.2187598932657953,0.04994132856144083,0.8952295991835435,0.017339945452314348,295,"[237, 188, 729, 366, 295]",16368.0,10,0.02045238559254961,d3_l7,100,0.8,0.0,1.0,0.1,100.0,1.0,0.1567319729252043,0.09649425750479038,-0.012956221635554863
21,6,0.19311013581883604,0.017219433293413505,0.2154180140657154,0.047464845830355124,0.8923881927215886,0.017254658922437126,247,"[69, 74, 502, 378, 247]",8928.0,5,0.03915504850860687,d5_l15,50,0.9,0.0,1.0,0.05,20.0,5.0,0.15652440100682263,0.09627185796607059,-0.013205562603563465
22,11,0.1933543566685339,0.01979544398355342,0.21944325094412157,0.04975386374431584,0.8950431914923683,0.017267745553784193,70,"[70, 70, 100, 65, 79]",11904.0,7,0.06659415521334527,d3_l7,50,0.9,0.01,0.01,0.2,50.0,1.0,0.155457681610598,0.09512893890691541,-0.014486934616318798
23,9,0.19350362190546444,0.015722987305889037,0.21783767893082473,0.04243001828105529,0.8941408116141469,0.017198116272800254,185,"[86, 493, 185, 143, 205]",5952.0,3,0.036145339820504115,d5_l15,100,0.9,1.0,0.1,0.1,100.0,5.0,0.15480571383793298,0.09443039869477429,-0.015270095830100154
24,30,0.19351259272188145,0.017029812169896706,0.21540183619013162,0.04784002811593629,0.8937618800719758,0.01721683855159051,220,"[95, 117, 354, 365, 220]",8928.0,5,0.025488604889384068,d5_l15,50,0.9,0.01,0.01,0.1,50.0,5.0,0.15476653068103285,0.09438841654185053,-0.015317163691433655
25,16,0.19433123687195442,0.021910293273447623,0.2203930259379028,0.047700173211472796,0.8935468205679611,0.017218735257284724,154,"[93, 83, 154, 328, 180]",8928.0,5,0.04834509878362691,d3_l7,50,0.9,1.0,0.1,0.2,50.0,5.0,0.15119081798259199,0.09055727762417896,-0.019612405901945764
26,3,0.19442392837976072,0.019172198644207508,0.2170073718963412,0.04812029649739045,0.8946033148297106,0.017159473429879675,311,"[189, 292, 311, 920, 327]",8928.0,5,0.023404527272255594,d3_l7,50,0.8,0.1,0.0,0.1,100.0,1.0,0.15078595562393335,0.09012349446838078,-0.020098737450091757
27,13,0.19464330605397834,0.01866662573650009,0.21264783700052012,0.04751375782674104,0.8938087054665648,0.0171430725148415,142,"[57, 82, 173, 173, 142]",16368.0,10,0.05008328688609219,d3_l7,100,0.8,0.01,0.01,0.2,50.0,1.0,0.1498277474264101,0.08909683795921439,-0.021249762894125664
28,12,0.19511815491724,0.022269144300141482,0.22375740581610962,0.0471677125672613,0.8929188697356654,0.017149480551431874,123,"[81, 123, 89, 211, 163]",16368.0,10,0.0348866729801748,d3_l7,50,0.8,0.01,1.0,0.1,50.0,1.0,0.14775368006752945,0.08687461239284137,-0.023741188357696598
29,25,0.1951475988395846,0.01671598078154055,0.2187761470794419,0.03867362383795862,0.8913065815731341,0.01706676438825878,148,"[229, 116, 214, 148, 131]",2976.0,1,0.03218700673851148,d3_l7,100,0.8,0.0,1.0,0.1,50.0,1.0,0.14762507350873327,0.08673681899778289,-0.023895674013138374
30,2,0.19599329376368302,0.016881443762052577,0.21788928587580841,0.04056048302702034,0.8934709608614199,0.016998247906152092,254,"[148, 192, 254, 409, 341]",4464.0,2,0.021959816073193316,d3_l7,100,0.8,0.1,0.01,0.2,100.0,5.0,0.14393120715808974,0.08277908628094618,-0.028332845566712186
31,28,0.1960295544701227,0.019860536987533782,0.22629519911354334,0.0437485815287203,0.8924032668860292,0.017026450388062754,65,"[47, 63, 106, 65, 139]",5952.0,3,0.05383493858914542,d5_l15,50,1.0,0.01,0.01,0.05,20.0,5.0,0.14377282592680712,0.08260939129978619,-0.02852309735910438
32,14,0.1963076892586758,0.018469980045236034,0.22017819587978563,0.043236312568679776,0.8923431533551828,0.016993010558243545,247,"[301, 193, 510, 78, 247]",11904.0,7,0.030257416348882262,d3_l7,100,0.9,0.1,0.1,0.05,20.0,5.0,0.14255797562192332,0.08130775980008127,-0.02998240820118228
33,18,0.19656774109829944,0.023523468529462112,0.22950634314013704,0.04555780498587932,0.8937643042884076,0.01703190983983155,91,"[72, 52, 113, 263, 91]",8928.0,5,0.06382320160562817,d5_l15,100,0.9,0.01,0.01,0.2,50.0,1.0,0.14142210887797574,0.08009075394557735,-0.03134684186674161
34,20,0.1965948256480431,0.01807152791213283,0.21586540635882592,0.040442476157997585,0.8935119933503168,0.016966256182277917,221,"[113, 118, 407, 266, 221]",4464.0,2,0.029839029494567675,d3_l7,100,0.9,0.1,0.1,0.2,100.0,1.0,0.14130380769859116,0.07996400208082481,-0.03148894842341983
35,4,0.1967825145987705,0.01882316110111468,0.21721089050698747,0.03754274647874252,0.8900662434563064,0.016956084181750146,236,"[348, 180, 446, 236, 202]",2976.0,1,0.02254959049436291,d3_l7,100,1.0,1.0,0.0,0.1,20.0,5.0,0.1404840110086457,0.07908564431880499,-0.03247371024397303
36,29,0.19739313263830205,0.013056452352632522,0.21804120214377784,0.046854411120513945,0.8924212680586662,0.016837581803351785,90,"[26, 238, 90, 159, 53]",5952.0,3,0.09166194918969107,d4_l15,50,0.9,0.01,0.01,0.2,50.0,5.0,0.13781692461017153,0.07622803819669059,-0.03567748611858512
37,7,0.1982659936759737,0.019153426496824926,0.2241808190678637,0.04944495463125122,0.8943086188189051,0.01682682531620787,124,"[91, 124, 168, 184, 120]",5952.0,3,0.05533409416503589,d3_l7,50,1.0,0.0,0.1,0.05,50.0,5.0,0.13400440082178483,0.0721431719079069,-0.0402571921759539
38,5,0.19913429656278153,0.016574153953583408,0.221405635204197,0.03943650092743955,0.8920374323830271,0.016726728635714706,281,"[72, 109, 281, 415, 319]",4464.0,2,0.023792652786867048,d4_l15,100,1.0,0.1,0.0,0.2,100.0,1.0,0.1302117863406639,0.06807963712093067,-0.04481298263826178
39,19,0.2020424606825389,0.025910446378931064,0.23094231247597297,0.04384289072893679,0.8885161480953743,0.016619268902385315,68,"[28, 67, 364, 242, 68]",16368.0,10,0.04127599116962729,d4_l15,50,1.0,0.1,0.1,0.05,20.0,5.0,0.11750936933659725,0.05446984007152223,-0.06007146739157655
40,15,0.20526259247702852,0.023865180780098538,0.2301508333144886,0.03771479815732807,0.8872753653624226,0.016323308407261698,60,"[87, 39, 60, 22, 75]",2976.0,1,0.07313593775158003,d4_l15,50,0.8,0.01,0.01,0.1,100.0,1.0,0.10344432514470567,0.03940007839692742,-0.07696677655108285
