rank,feature,mean_abs_ensemble_shap,mean_abs_member_shap,mean_ensemble_shap,sd_ensemble_shap,min_ensemble_shap,q25_ensemble_shap,median_ensemble_shap,q75_ensemble_shap,max_ensemble_shap,positive_share
1,garantia_agrupada,1.1767715999217194,1.1767715999217212,1.166619714458964,0.2527493810733436,-0.6484161943321057,1.1136230761148984,1.2630104034420562,1.3226141745024846,1.3844810759055086,0.99
2,comarcaid,1.1256123332545482,1.1256425764535727,1.1107388052554885,0.35745637959833537,-0.465382824219245,1.0779648970103344,1.256934457037294,1.311000780751865,1.5332739062347678,0.974
3,tomadornivel,0.6026090229055576,0.6028788630127467,0.5888790060362762,0.219775604379213,-0.3773799871565358,0.5848057683445762,0.6723141393719549,0.7161802536055102,0.8270353760542652,0.976
4,antiguedad_poliza,0.5655932536487825,0.5668040226219805,0.5191987664304658,0.9931132884326914,-0.083357884299518,-0.042813260102055245,-0.0071251923539489195,0.6150369123130469,4.084619317321951,0.5
5,garantia,0.28477463265712755,0.2847746326571274,0.2832546140847145,0.05150686596971687,-0.2057970589179921,0.27994111059125965,0.29996898824988516,0.3124542141015488,0.37734042606083384,0.996
6,aceptoculpasinantecedentes,0.10101145778542918,0.10101145778542926,0.08058794717652247,0.1762998691402697,-0.015815225176997273,-0.014468569255998267,-0.013845147917110173,-0.00545876670940058,0.4605119934663052,0.228
7,dias_notificacion,0.09795512183835171,0.09808098739339433,0.08458920544064814,0.05807595885204835,-0.2125461397460607,0.07431978395539954,0.09659715934433998,0.11748612546703985,0.16159574978176786,0.948
8,tomadorcomarcaid,0.08587115627594293,0.08737842733449065,0.07701917920152815,0.0537250885808153,-0.09583213927945586,0.05390801854093401,0.09736199720229194,0.11855373733977442,0.136327062902087,0.846
9,tomadormunicipioid,0.07154914206678888,0.0752412410742491,0.05284185029659895,0.06990588902601623,-0.06209342739174056,-0.02269299401261641,0.05748543149415628,0.1043147003131196,0.2493687882252778,0.654
10,edad_conductor1,0.06420385133392685,0.06526330883911761,0.03535173034188904,0.06374795343188695,-0.12793591894282155,-0.02620654895023306,0.0633068548310645,0.08660033815907002,0.15480820189607097,0.64
11,formapago,0.04097808310997163,0.044226673434585216,0.024458455817185188,0.043800400999836155,-0.0929914252023925,0.0036046099999777273,0.030753178806422907,0.049717596831546626,0.11642840659202007,0.804
12,zona,0.03884139278537322,0.03900806531557016,0.03370897720528749,0.022802098092677657,-0.04679383866297236,0.024753634214460363,0.04515919502764809,0.04751732484523651,0.05049460660727241,0.886
13,tomadorcodigopostal,0.034534136090835416,0.042960852226618565,0.018052812930315822,0.055156272052476175,-0.15226246159228335,-0.0026788140689414253,0.0018404496567413315,0.03337584551549268,0.17445112352294473,0.608
14,tomadorexperian,0.03179252196208672,0.0395915302737616,0.02297987948721912,0.039909102578967216,-0.10617599577519403,0.004281722454460564,0.014572042432728062,0.03263844922686693,0.11859462573989157,0.85
15,sexo,0.023986991034454407,0.024053999213668596,0.005176860444011549,0.024835543670259714,-0.059724514661045815,-0.021138417554594488,0.016027631226021945,0.024642426633671135,0.03770473454537683,0.676
16,ine_026,0.01790970843743362,0.018034436460215967,0.011085251644159428,0.015228638014303462,-0.037155703649324426,0.010415572559023138,0.017308350565209282,0.018145792508201745,0.043551342687688184,0.756
17,pesomaxautorizado,0.015127903691156777,0.01527268474308938,0.00905856650549986,0.014470774873956668,-0.10013120835691107,0.013119931536587357,0.013591526767136448,0.013910757925947235,0.014974669257370421,0.906
18,actasvariacion,0.0133552085332297,0.013832530155650453,0.010047716782766863,0.010701799066330746,-0.07524621497007568,0.009976008151687669,0.012209558082416694,0.014413001332766786,0.021082938562019,0.94
19,ine_011,0.011106380187537955,0.011732062818554944,0.008306382080046418,0.008215125426717219,-0.011025905737485197,0.006830016629306197,0.012328245213933305,0.013337335744622276,0.016455913850080318,0.802
20,longitud,0.010286613369099272,0.010912436820539466,0.005252278122458,0.010020647024930152,-0.04897916471253575,0.006328723480920447,0.008730947330608838,0.010432698159705989,0.015905991821402014,0.844
21,anyomatricula,0.008042282130304348,0.009652058108795752,0.004372275337891965,0.01112726795374317,-0.06656842080834943,0.0037318275026879525,0.005096955200462452,0.007171598764195717,0.034477216807852054,0.934
22,ine_053,0.008020869755668833,0.00952235304510114,0.006020909882993484,0.006872685079343585,-0.005982728072720174,-0.0019690797925623667,0.008413765463637509,0.009804058801987809,0.0283484554819576,0.72
23,ine_008,0.007601025937597807,0.008018295341715246,0.0044088196395646985,0.008249080075268086,-0.034238757074396664,0.003617874035353174,0.005119326699378087,0.0073905683024030645,0.030494648763781003,0.846
24,cilindrada,0.007371825944807198,0.00804595116235236,0.004671580561291419,0.012084911465012373,-0.1078836049110361,0.004446053816934172,0.005637704077501399,0.006347866230637511,0.034200612815537136,0.962
25,sea_005,0.007335431824479087,0.007874093028564224,0.005086470922822885,0.013895328737446318,-0.18614630160672835,0.00017587739411676465,0.010619028915417654,0.011567083759701792,0.013254699869225877,0.802
26,ine_022,0.006683272775978791,0.007059691661523437,0.0030358414354275014,0.007140727446260122,-0.016238883049806606,0.0007273387208105415,0.007310699727682943,0.007744505783979871,0.007894889174311689,0.796
27,sea_006,0.005965313964727142,0.006054625324906795,0.004602516976152793,0.005843248772333784,-0.05256765777523085,0.00450424736641395,0.004949177906424001,0.006288594387205026,0.009549434522416956,0.976
28,tipocliente,0.005781893958208265,0.005908177554329832,0.0010744736823620786,0.011806109487012958,-0.012316914386161866,-0.0031606468290038196,-0.002460613180149661,-0.0011601713795882816,0.05472826533911919,0.128
29,ine_015,0.005367857877957784,0.005772596865214497,0.003041222271924235,0.005132037961131862,-0.005265607162228474,-0.0027207011243945613,0.00648397547625455,0.006762726836696128,0.011886047797369195,0.598
30,ine_004,0.00489267938530944,0.005256269458706115,0.0007390051964892011,0.009143404197205017,-0.004429476801764613,-0.0029612334634357826,-0.0022406007443257657,-0.0014593397569378306,0.03984912276981813,0.164
31,ine_010,0.004852936575582949,0.00508399281210367,0.0026516008999532617,0.008831638916566591,-0.09298168036214008,0.0035377297905305524,0.0041422584518658635,0.004433366749441006,0.005953190069213402,0.972
32,tipo,0.004657307588920474,0.005057151626374944,0.0020685761071730243,0.005597469648427577,-0.02806338395389657,0.0028688916794417894,0.0035286112235330958,0.004462423949071125,0.009916283902905897,0.87
33,ine_037,0.00453921575518563,0.005456755704873763,0.003903438251230252,0.01901809300842266,-0.005516154475535246,5.18470422852822e-05,0.0004668809445844294,0.0004668809445844294,0.15739560725453777,0.828
34,ine_021,0.004476402642870008,0.00567257676256888,0.0033938560506568487,0.005600112093513159,-0.005295755475360842,0.0014890727299047603,0.003461994755023819,0.004241071119172915,0.02751674632641924,0.812
35,dgc_006,0.003851107391680664,0.005484307550172086,0.0016339530712379013,0.00494431739465678,-0.026445064207334234,-0.0010474069298676571,0.0011721558080874247,0.004888030258060322,0.01184830637554048,0.594
36,dgc_019,0.00382304831612135,0.0042386421036768734,0.0009538352928130174,0.0058065341270005025,-0.02574466731321613,-3.601460585233919e-05,0.0005357237720244606,0.0033897432528340065,0.014178713848017522,0.744
37,ine_050,0.0036006043898724797,0.0038156311935808192,0.0012215365176955863,0.004256691044496676,-0.0036554424578308766,-0.0025327771696324677,-0.000424063615648499,0.005944717220214465,0.010003967101575365,0.426
38,ine_048,0.003560815055079296,0.004255231172561516,0.0018895937076475952,0.008601011465233774,-0.015402181915596325,-0.00031337184785308863,0.0002624994895320183,0.0008730128182108568,0.04894819449696088,0.62
39,valorvehiculomercado,0.0034569033744721186,0.004491302729533289,0.002065564208031261,0.00524811750246754,-0.03921639829609245,0.00019394804098660928,0.0017391983925059131,0.003076178694872193,0.025412317814828507,0.772
40,dgc_002,0.003425079403950882,0.003425442298900752,8.535756814226692e-05,0.006174168386022525,-0.0034920456960465885,-0.002062092267362851,-0.001780838642950856,-0.001494526508181433,0.030786055279221413,0.098
41,scoring,0.003227822604868633,0.003534054586215028,0.00020220657184476316,0.0036773157004911577,-0.005962583152899962,-0.0029136776388509174,-0.0016919478261081275,0.003155027817104019,0.013378610470807129,0.426
42,ine_027,0.003216887641496045,0.003542431732351313,-0.0007798724719804837,0.005827428812110421,-0.02776382181901125,-0.0006551515553415506,0.00033022293551465286,0.0019890857374451477,0.005744591057538215,0.684
43,ine_013,0.0031422080013554354,0.0032522934725853015,0.0019994626661880397,0.0035421390197720357,-0.0049985124143854705,-0.0011071220516339002,0.0025430746428601924,0.0034361955670409007,0.011821138281354737,0.598
44,ine_054,0.003136701961557093,0.0031591101359665346,0.0021075054874481526,0.004006357777608366,-0.0014804124199554194,-0.00085695686865166,-0.000707145902190625,0.005439597680791218,0.018896899090119053,0.404
45,ine_055,0.0031032252196136582,0.0035573768215907,0.0018006445115785457,0.003419297670663995,-0.014068892043285444,0.0016534702148374419,0.00215060891640709,0.003294120724687845,0.008866372056224602,0.87
46,sea_003,0.003099336925311345,0.0032300410058432975,0.0008532955450772278,0.005455043116411505,-0.017325510903900283,-3.276528408936202e-05,0.0003963026032396761,0.0006529662890812932,0.016023085959075423,0.744
47,sea_004,0.002872671425674798,0.0035613999420893664,-4.6904725433293274e-05,0.0040352546767414964,-0.01449971395751396,-0.0012080813488578508,0.0007242255203021179,0.0014094778503316585,0.010115882045359462,0.67
48,pesovehiculo,0.0028692080761702253,0.00394671522702827,0.0006857208976203744,0.004195284693709142,-0.012264658313209076,-0.0018127602675713694,-0.000363457199860974,0.0014654425915801813,0.012502918577791572,0.446
49,dgc_020,0.002695189304794303,0.002946475657839953,0.0015812424892837934,0.0035986998297452485,-0.024210021956526363,0.001620652219023647,0.0023574829013321454,0.0027964024476972676,0.004502228299749461,0.928
50,ine_046,0.002473260439899486,0.002507860304769769,0.0014872769523340428,0.0031131922594559674,-0.0048754148486040375,-0.0007564988568657468,-0.0003788194900487642,0.004831303430701667,0.006458652796066508,0.412
51,ine_012,0.002470257561811949,0.003440529214925808,0.001921878936178368,0.0032948785910595912,-0.00297143516106797,-0.0002056016454248849,0.0008614596030889048,0.00364950317249501,0.01750823389920072,0.716
52,sea_007,0.00236687427116821,0.002597435189139641,0.001079347219685222,0.00654685900741746,-0.0016016042087529658,-0.0009412536737681067,-0.0006775264141531776,-0.0003477214680904696,0.03474843355449755,0.142
53,ine_009,0.00222672099623689,0.002348484844960981,0.0012817198222880182,0.0025481450747340565,-0.008307232987412944,0.001001354409907221,0.0015706319820707583,0.002062946702004788,0.005671521277031937,0.932
54,rep_009,0.0020641798188107893,0.003449253257231948,0.00020941899788437578,0.002534935382178444,-0.005842779330430858,-0.0010894248735261933,-0.0001650953659488669,0.002393192186413079,0.009822573719120504,0.454
55,ine_039,0.00201055867050311,0.002055627732668876,0.00034510118668016053,0.0040786625949747815,-0.028120520482795463,0.000979906363364017,0.0012572361294834618,0.001538650953060368,0.002188808955792169,0.896
56,sea_010,0.0019217493867867608,0.001954515759239374,0.0014040269746523535,0.0030931692612054117,-0.0356542541796394,0.0012011300964215243,0.001545893582278589,0.001975493046687467,0.007373594775553535,0.986
57,ine_034,0.0018380851176936148,0.0021915177514064167,0.0009398230366250268,0.0025776103032328214,-0.0034973296024203328,-0.0008226132730561372,-0.00010749564921220273,0.0022586155657075392,0.01229885741283894,0.476
58,rep_005,0.0018347916522153823,0.001943166958168215,0.0010947011511376345,0.004805499868439997,-0.009477496428032969,7.181544368184745e-05,0.0005926364941014506,0.0009128095316004969,0.032905082762358706,0.816
59,ine_049,0.0018294545635004077,0.0020834970244201605,0.0013608977324485157,0.0031587514652234544,-0.0032445346839748103,-0.00020565560188519257,0.00018360845834275823,0.0020654175889368723,0.011135649138999967,0.512
60,dgc_014,0.0017977740490040057,0.0026150303443935935,0.0003706533492862427,0.0029071057104940014,-0.01435090355490952,0.00015898447790463317,0.0010687310381132197,0.0015020913251763846,0.006633902476813278,0.824
61,dgc_015,0.001697956005330313,0.001887785361011744,0.00019426049141267718,0.003955828078217964,-0.008852685149536943,-0.00013070920548480347,-8.767570788330322e-05,0.00030738158728738503,0.012175798771914801,0.438
62,ine_043,0.0016676612265551002,0.0018394645445455112,-0.0001778088892096674,0.0023214864279459744,-0.012079081826330587,-0.0011735490052695989,3.1217043112794635e-06,0.0011405423324886573,0.006204974066637383,0.504
63,potencia,0.0016581720387503465,0.0024930636919411617,0.0009248868785119702,0.0031522333855302444,-0.016213976171100535,8.789051579222683e-05,0.0007903737414962868,0.0015621163721004632,0.024158919970758124,0.78
64,dgc_005,0.0016451237087882803,0.002034090241877424,0.0008370702690643557,0.007544855896606781,-0.006761336803798495,-0.00025757368160609663,5.194808257788378e-06,0.0002252057078545999,0.054650480827735305,0.51
65,dgc_008,0.0016367942541248705,0.0018530407832835355,-0.00034576054932756284,0.003171840186492646,-0.004259735524537666,-0.0015115835507466292,-0.0009320104894874604,-0.0002771597917920714,0.02216910621632437,0.21
66,dgt_001,0.0015512696031795938,0.0018134523590479447,0.0009552130746870067,0.001459519081018167,-0.0042761414920431525,0.00037895438848362193,0.0018115222595662408,0.0019139405784503283,0.0030275432124529543,0.862
67,rep_008,0.0015411388104617232,0.002272442459691113,0.0006107549859502765,0.002711280362887014,-0.005180099698348938,0.0001932210953376703,0.000580523995138061,0.0009238745986071599,0.014213644121320573,0.788
68,valorvehiculofabrica,0.0014904446129909218,0.002393470819859433,0.0010362768227498598,0.001721710769171244,-0.008757277885434369,0.0003229368102700498,0.001062952631461659,0.0019311034196417831,0.0072139315869020944,0.866
69,puertas,0.0013869721226252504,0.0023387725334887096,0.00034554473455419144,0.002112586584056919,-0.010148815215756474,-0.000706729443752594,-6.728163786050395e-05,0.0008278166903449176,0.008196950056352788,0.462
70,ine_035,0.00132984727909498,0.0015341008439419327,0.00010168545707160532,0.0025380126895666027,-0.005972741039567111,-0.00018733413450663236,-6.680325822393505e-05,4.629355188686558e-05,0.0052972580459789064,0.382
71,ine_051,0.0013274981591552123,0.001566200936599223,0.000823690981155442,0.0016694794789013855,-0.00310480327037557,-0.0004547726496176359,0.00043048108702439336,0.0018349617786975474,0.008283609134934474,0.67
72,ine_047,0.0013235414719276434,0.0017375388468507096,0.0008928880637981511,0.0017561600074544107,-0.00415173207943598,-7.607154526099553e-05,0.0004797142015380212,0.0010440669663914297,0.006262417962112657,0.74
73,rep_007,0.001280429015974235,0.0018032391960329567,0.00046773478864450504,0.0019672390800873174,-0.012132283511176734,0.000292397301663182,0.0005418331125260486,0.001309836527638331,0.004489273258478477,0.85
74,dgc_017,0.001264327387700023,0.0017735182039498338,0.0004277600255122738,0.002333346119249602,-0.019674023790995483,0.0004966244325758399,0.0007099672278112364,0.0007650884498738464,0.0031374120617718012,0.912
75,dgt_002,0.001241404864594868,0.0012849687950169447,0.0007607140378182756,0.0010915265962233454,-0.0036497995008770373,0.0012254391566012175,0.0012254391566012175,0.0012254391566012175,0.004187941680187371,0.82
76,ine_023,0.0012082074118029077,0.0025143016914324365,-0.00010602785048175813,0.0015768433669770695,-0.004662459441839455,-0.001193452978077552,-0.00027980680728702695,0.000727918682572718,0.006847958781682049,0.418
77,ine_041,0.0012057547245593822,0.0012244047110961966,0.0008536510119966452,0.0012036687547528598,-0.005106566872856075,0.0008342280536497866,0.0009169022955338973,0.001013520310324713,0.0034897142173305933,0.944
78,sea_001,0.0011871323763077237,0.0022914515178007197,-0.0002339679704201723,0.0018444803382742935,-0.00841396097814528,-0.0008254928513513986,-0.00037220101006466325,0.00013082543232918398,0.011098724959082573,0.286
79,ine_036,0.0011288211350097652,0.00159452018310659,-2.140104529175464e-05,0.001618712081879977,-0.00924341297343779,-0.0005958362146844764,0.00030170593069337576,0.0008491578882260634,0.00459241211203064,0.618
80,dgc_012,0.0011258523190386057,0.0012603283076834087,2.7648001382216543e-05,0.0017636035236720026,-0.003467660948543374,-0.0008528157721805762,-0.00047754278261958043,0.0001948734187668917,0.006348615509129488,0.294
81,dgc_018,0.0010436982622995354,0.001234025290965661,0.0006601363415146095,0.0013973919038537787,-0.006235197521353966,0.0002676803623618719,0.0007513204801932309,0.0010198050761895208,0.006367376893611873,0.886
82,ine_040,0.0010434944757391933,0.0011883944837353647,0.0006281286510328386,0.0020275552007977117,-0.004594019639498586,5.749902674808534e-05,0.00011064749946838317,0.0011275376302650687,0.012771355423745492,0.764
83,ine_038,0.0010224369289885868,0.0011640408687592434,0.0006098622895987981,0.001128680372669647,-0.0008157405563743274,-0.00040734083441765526,0.0006574727582938269,0.0020743560261322945,0.00408189105255014,0.518
84,dgc_016,0.0010083230945084022,0.0014396995300793177,0.00027209286868561154,0.0034321617606793125,-0.0620260128739735,0.0004283468722311866,0.0005389636835731854,0.0006220819847438836,0.002469387075093285,0.938
85,rep_001,0.0009760959848149086,0.0010034030740940642,0.0002600813771063928,0.0013303994016012407,-0.0007743086009316784,-0.0006020800412955548,-0.00045632513354954647,0.0010136825602341617,0.0043965756216847365,0.294
86,ine_005,0.0009285726669573298,0.0009747240301082497,0.00041380544772224724,0.0012990141020346514,-0.0019448333260299224,-0.0003410958982511971,0.00011599101751105193,0.0004528656892201305,0.0031555883676187987,0.566
87,flota,0.0009099711991444598,0.0009099711991444538,0.0007575414130799086,0.0017447954643366361,-0.03810744651613778,0.0008130197252040122,0.0008241540802312617,0.0009095180550737064,0.001053342762781103,0.998
88,ign_001,0.0009008212202484356,0.0009239370041887071,0.00016374431706465053,0.001519413709212816,-0.004407562635092998,-0.00018815715322545882,1.5688275552707984e-05,0.000453676368957104,0.003980477082475069,0.52
89,ine_020,0.0008976636041409203,0.000897663604140919,-0.00016635724964599846,0.001962023101304952,-0.006788307215430075,-0.00012502611395058161,5.346614830337572e-05,5.346614830337572e-05,0.002876597649250389,0.628
90,sea_002,0.000890473247339603,0.0009560735876274089,0.00019864539327104036,0.0020611069840342734,-0.01825459658387723,0.00013306896674382214,0.0002313062411666309,0.000871038126588267,0.0054025344245978955,0.834
91,ine_045,0.0007929873770874352,0.0008290206541721477,0.0003122045228991245,0.0008559522261893574,-0.00336098636470446,-0.00045607371444219603,0.0005811654445785902,0.0010153918045715854,0.004113867106999034,0.648
92,ine_016,0.0007757538537619955,0.0008600527529780332,0.00020887051614883946,0.001248973515757329,-0.00400963378726977,-0.0002443625116065413,0.0002129628730720947,0.00024444898846279,0.003216582434432377,0.668
93,rep_010,0.0007731763420576554,0.0008255992021020919,0.00024322987556383443,0.0012049467699863873,-0.003308435261858679,-0.0004797129102887481,-0.0002160588270240903,0.0004370933368607451,0.009940108783833487,0.312
94,rep_003,0.0007575998479742656,0.0007575998479742624,0.0005190233180836382,0.000948092634604413,-0.006986270905280266,0.0007119998578641041,0.0007119998578641041,0.0007119998578641041,0.0007119998578641041,0.974
95,sea_009,0.0007329893518036558,0.001431910150936385,0.00013650872709015024,0.001097088793254936,-0.003054638997113402,-0.0004573673506872093,-0.00013958134191249805,0.00040398155109617974,0.0031193604977808403,0.434
96,rep_002,0.0007227232795681295,0.0007966233451390358,0.0004943227789324915,0.001067358221979327,-0.003086102307463456,0.00025414958032992854,0.0004058534946057804,0.0006205681208162041,0.005306122030290072,0.886
97,dgc_003,0.0007032117271944449,0.0007032117271944473,6.884943183014698e-05,0.0017547612958685177,-0.008833025490500988,-0.0002261736249561099,-0.0002261736249561099,-8.683815561427309e-05,0.0200331981609954,0.208
98,ine_007,0.0006286517550255091,0.0007341599057131711,-5.56702162178866e-06,0.0010305851700340685,-0.0007642648225698114,-0.0007642648225698114,-0.00017997460644838338,0.0005611498498219222,0.005300523145431272,0.414
99,ine_018,0.000620618914021327,0.0006536863424195277,0.00025066180782712134,0.000932336338549844,-0.001229168319181876,-0.00025913770385177623,-0.00022128795525710922,0.0006862783304390907,0.003243219556109629,0.476
100,ine_014,0.000614888306380773,0.0006148883063807725,0.00028512684784162765,0.0010338437917452557,-0.007302483530697024,0.00021042532497059582,0.0003987727221174722,0.0005222799768954645,0.007493197346438561,0.772
101,ine_057,0.00059666639859652,0.0010464253225564105,0.0001262888541189587,0.0007149586934205343,-0.00259285956199157,-0.0003763500364166863,0.0002027472430456579,0.0006523813754342278,0.001762337013483578,0.618
102,subramo,0.0005945858421110044,0.0013614153146549218,0.0002572601110362226,0.0013604605410306853,-0.002224028983152419,-0.00013867649866939447,-7.611848818601762e-05,9.571914978956774e-06,0.005298960409723883,0.256
103,ine_003,0.0005728181289448105,0.000615922155270357,5.201018460982833e-05,0.001226335124908228,-0.0005321263640472716,-0.0004778684132442252,-0.00013235603538153213,-0.0001242627421442996,0.009303248884896474,0.218
104,ine_044,0.0005705984664958663,0.0006349799665917809,0.0001796549828154791,0.001210530123398655,-0.0011307579665076326,-0.00018152188199344047,-0.00015009637631460833,-5.783177263634739e-05,0.00618736444622493,0.21
105,motor,0.0005668441204575551,0.000566844120457557,4.5424182914928434e-05,0.0008549775823656352,-0.0014344828778039462,-0.0004566416993219435,-0.00013299223070787665,0.00032610822689405343,0.0035190437902626708,0.304
106,ine_006,0.0005522668000763382,0.000765992966301071,1.9502191094030377e-05,0.001025097728274118,-0.004009657144458213,-0.00019970594690267985,1.6229716102155221e-06,0.00019529713593262465,0.003901328247201936,0.5
107,dgc_009,0.0005406651376459418,0.0006585964752163295,-9.597779205934191e-05,0.0010219489351362561,-0.0012406289805788875,-0.0004786880981058502,-0.0002642764375332537,-1.8751433103678637e-05,0.01660925207829686,0.24
108,ine_017,0.0005377451385213867,0.0006682472149591648,0.00018366204158861782,0.0007065309155439944,-0.0014763112024064771,-0.00022694430966692635,9.863740243206862e-05,0.0005319994661625794,0.0023446622850669275,0.566
109,ine_029,0.000518330113353027,0.000564171249950116,0.00022589721139430557,0.0008091206213969606,-0.0009803491502804434,0.00010131862231684992,0.00030563561194845644,0.0003239574185552396,0.0069464581487051385,0.762
110,tomadorprovinciaid,0.0005014846005836798,0.0005014846005836767,-0.00018954961770120178,0.0005283459544810321,-0.0006735552590532872,-0.0006735552590532872,-0.000205475019042237,8.239465407575654e-05,0.0006471811073433693,0.318
111,ine_025,0.00048709568614454634,0.0006341293875290882,0.00027600607135860227,0.0005353803941465907,-0.0017210794038191458,-0.00011789634971441866,0.00041537519597662073,0.0004683474823274649,0.0013799667039025693,0.62
112,ine_052,0.0004210899229665596,0.00042108992296656107,0.00026179518146812687,0.00042259936017552386,-0.0012473350857211758,5.221605419594888e-05,0.0004506169334404798,0.0004506169334404798,0.0004506169334404798,0.922
113,ine_031,0.00040005539395303525,0.0004948025786330124,-5.4458932816485e-06,0.0007530963423936753,-0.0015314671713824444,-0.0002928731702941033,-0.00022018161279377288,2.5180348248393592e-05,0.0034062403185362924,0.284
114,dgc_010,0.0003722259827535833,0.0005177357394466801,5.143394767415575e-05,0.000839845697439332,-0.010194225115414587,-3.756108412923827e-05,0.0001325911187526234,0.0002184678375310142,0.0025303625794353465,0.664
115,garantiaasistencia,0.00036799607978877833,0.0005867984898501386,-0.00010531319507580172,0.0008698294178289766,-0.0011761976701772643,-0.00012485783841488502,-0.00010427612113934799,-6.51015447814438e-05,0.009831665891928779,0.186
116,rep_004,0.00035584104056357124,0.00035861273050830924,0.0002451831150822571,0.0006814027737388511,-0.0067012752787050075,6.923642868739582e-05,7.68797877998766e-05,7.68797877998766e-05,0.0017619611842489703,0.896
117,ine_056,0.00033366553191740045,0.000546274996951958,8.956811442574872e-05,0.0005028491652812094,-0.0024938679513305684,-2.3697588414120194e-05,0.0002022428575429452,0.00021038347172195595,0.0014459923427506387,0.714
118,ine_033,0.00027580223676990746,0.00036492922269000896,-8.137317678989277e-06,0.00044971415068955386,-0.0021703042612946735,-0.00016496764344225783,2.0797741709231276e-05,0.0001198244872952459,0.0018212993700079353,0.522
119,ine_001,0.00027222228148123667,0.00041022690472358,9.91512417611929e-05,0.0005661748522824264,-0.002435634638425092,-0.00014375420420817165,2.692920000687323e-05,0.0001459961563013464,0.003990558923352505,0.534
120,ine_002,0.00025836899894805354,0.00025836899894805354,6.005281135886191e-05,0.0004096772450377913,-0.0005387652116339971,-4.335520803792621e-05,1.5945792255542726e-05,4.262603851608745e-05,0.0016090188451254911,0.692
121,dgc_007,0.0002528173221242474,0.0002849804068067642,7.132122260216299e-06,0.0005995666390660675,-0.002100897904466195,-3.051040551721586e-05,-3.051040551721586e-05,-5.354586454368099e-06,0.0038398253142342465,0.214
122,sea_008,0.00022603448546955018,0.000536163602865388,-8.072508427439511e-06,0.0003408223769263467,-0.0016154022464919427,-0.00020866473597233966,-2.9109155094541402e-05,0.0001989645603263016,0.0024212985050871853,0.44
123,ine_028,0.0002024952604689862,0.00020249526046898535,0.00010941539863848981,0.0003653623293922849,-0.0006790220122483627,-3.4987813498747676e-05,6.215226497293065e-05,9.847727442299355e-05,0.001206213015546781,0.598
124,dgc_001,0.0001972820930794314,0.00022221493598920241,2.559119509520416e-05,0.0004140249120083835,-0.002128244085476369,6.21064429619888e-05,0.0001430136726170171,0.00018952466110794356,0.00018952466110794356,0.934
125,dgc_013,0.00019162209545379256,0.00019162209545379256,7.013621697636704e-05,0.0005754210602776908,-6.629489068803468e-05,-6.629489068803468e-05,-6.629489068803468e-05,-6.629489068803468e-05,0.0026048539036801696,0.054
126,contratadanyospropios,0.00016478398992785114,0.00016478398992785125,0.00012682796773774173,0.00018696169260952182,-0.001534737628609967,6.899650763820319e-05,0.00018804752262638604,0.00018804752262638604,0.00018804752262638604,0.978
127,rep_006,0.00015567674571727799,0.0001556767457172789,1.854103492199166e-05,0.0003034557576667733,-0.0012949438259751158,-0.00010134592641377647,6.914488082910367e-05,6.914488082910367e-05,0.0008834961571308061,0.628
128,categoria,0.0001445545725693675,0.00014455457256936784,-3.485585380202824e-05,0.00033297328545008926,-0.00024107649173012207,-0.00024107649173012207,-1.5279739284245414e-05,-1.5279739284245414e-05,0.0020206016477906283,0.086
129,osm_001,0.00012653873169094371,0.00012653873169094334,5.4553341093662825e-06,0.0006023835229133225,-0.004443661548379914,-8.936181304616555e-05,-8.233490860593993e-05,2.566478694806893e-05,0.005940939899099574,0.434
130,contratalunas,0.00011867140607685475,0.0001186714060768552,-9.163927833759247e-06,0.00023492266092611376,-0.00018441358566747374,-5.115165444193123e-05,-5.115165444193123e-05,-5.115165444193123e-05,0.001652513922381825,0.09
131,ine_032,0.00011776741511782473,0.00011776741511782351,-5.340769377980832e-05,0.00038806468478481097,-0.0037820440902184083,3.117030288868053e-05,3.117030288868053e-05,3.117030288868053e-05,0.0001124606882364172,0.934
132,ine_024,9.071372044940575e-05,9.07137204494064e-05,6.232129993489836e-05,0.00016515316102854976,-0.002790651341938119,2.4719445268327548e-05,3.5901870810982575e-05,0.00017674125165608083,0.00017674125165608083,0.978
133,ine_019,8.491999421297688e-05,8.491999421297694e-05,3.218819797724453e-05,0.00025215481634701704,-0.00024886618274617517,-3.117157344571214e-05,-2.3755655044954922e-05,0.00010369405151570651,0.004158225564257722,0.354
134,dgc_004,8.483160410073854e-05,8.483160410073882e-05,1.762870344561536e-05,0.000251514484476693,-0.0017017336188052605,-3.77233476068087e-05,-2.4741770076991096e-05,2.0040528416117128e-05,0.0009040459849902948,0.436
135,canalnombre,6.517554126666461e-05,6.517554126666464e-05,2.8073217944065292e-05,9.53261340753227e-05,-0.0011038273451041895,-3.376389057728437e-05,5.1267550564941696e-05,9.213671081571254e-05,0.0006091009382528584,0.682
136,ine_042,5.927329388909955e-05,5.927329388909995e-05,-1.8694248209958826e-05,0.000122097670448894,-0.000617307609950657,-4.4097568169775044e-05,-4.4097568169775044e-05,-2.871565716225209e-05,0.0011162274590888594,0.194
137,tomadornacionalidadid,0.0,0.0,0.0,0.0,0.0,0.0,0.0,0.0,0.0,0.0
138,tomadorcategoriacarnet,0.0,0.0,0.0,0.0,0.0,0.0,0.0,0.0,0.0,0.0
139,contrataasistencia,0.0,0.0,0.0,0.0,0.0,0.0,0.0,0.0,0.0,0.0
140,dgc_011,0.0,0.0,0.0,0.0,0.0,0.0,0.0,0.0,0.0,0.0
141,ine_030,0.0,0.0,0.0,0.0,0.0,0.0,0.0,0.0,0.0,0.0
142,tipodocumento,0.0,0.0,0.0,0.0,0.0,0.0,0.0,0.0,0.0,0.0
143,formapago_agrupado,0.0,0.0,0.0,0.0,0.0,0.0,0.0,0.0,0.0,0.0
144,dias_notificacion2,0.0,0.0,0.0,0.0,0.0,0.0,0.0,0.0,0.0,0.0
