candidate,fold,ntree,mtry,nodesize,nsplit,splitrule,threshold_rule,selected_threshold,selected_quantile,training_oob_gmean,fit_seconds,threshold,tn,fp,fn,tp,sensitivity,specificity,gmean,precision,npv,f1,p4,informedness,markedness,roc_auc,pr_auc,predicted_positive,predicted_positive_rate,balance_gap
1,0,500,24,10,10,gini,gmean_optimized,0.00279770404115954,0.719908573744789,0.780811836963289,161.873,0.00279770404115954,63102,25341,62,310,0.833333333333333,0.713476476374614,0.771079587534373,0.0120852988187595,0.999018428218606,0.0238250778157784,0.00717842728287403,0.546809809707948,0.0111037270373651,0.85017129980685,0.0260769520305925,25651,0.288813826493273,0.119856856958719
1,0,500,24,10,10,gini,q_star_prevalence,0.00418849346533093,0.767687799605358,0.776440033883395,161.873,0.00418849346533093,67598,20845,86,286,0.768817204301075,0.764311477448752,0.766561030386605,0.0135346173867777,0.998729389515986,0.0266009394038041,0.00794304984115291,0.533128681749828,0.0122640069027637,0.85017129980685,0.0260769520305925,21131,0.237921522265383,0.00450572685232298
1,1,500,24,10,10,gini,gmean_optimized,0.00277370777370777,0.714155024925477,0.77830458622533,158.608,0.00277370777370777,63005,25438,41,331,0.889784946236559,0.7123797247945,0.796156237886942,0.0128448911482789,0.999349681185166,0.0253242033587085,0.00813662893610308,0.60216467103106,0.0121945723334453,0.87113419687475,0.0260799401438043,25769,0.290142430895682,0.177405221442059
1,1,500,24,10,10,gini,q_star_prevalence,0.00418849346533093,0.763496491292269,0.770635186406241,158.608,0.00418849346533093,67604,20839,62,310,0.833333333333333,0.764379317752677,0.798112000156555,0.0146579034469715,0.999083734815121,0.0288090702104921,0.00932827684976009,0.59771265108601,0.013741638262093,0.87113419687475,0.0260799401438043,21149,0.238124190733547,0.0689540155806565
1,2,500,24,10,10,gini,gmean_optimized,0.00259259259259259,0.710548390184035,0.777574436288207,157.904,0.00259259259259259,62666,25778,53,319,0.85752688172043,0.70853873637556,0.779481246203055,0.0122236272368471,0.999154961016598,0.0241036684423288,0.00742068998175125,0.56606561809599,0.011378588253445,0.862376770332287,0.0283148281099985,26097,0.293832192397766,0.14898814534487
1,2,500,24,10,10,gini,q_star_prevalence,0.00418850525533556,0.766837059263972,0.772657300073183,157.904,0.00418850525533556,67919,20525,79,293,0.787634408602151,0.767932250915834,0.777720942431545,0.0140743587280238,0.998838201123563,0.0276545540349221,0.00850298371929726,0.555566659517984,0.0129125598515862,0.862376770332287,0.0283148281099985,20818,0.234394703656999,0.0197021576863168
1,3,500,24,10,10,gini,gmean_optimized,0.00364114114114114,0.752336317063559,0.780466345750514,154.897,0.00364114114114114,66093,22349,77,295,0.793010752688172,0.747303317428371,0.76981787861821,0.0130277336159689,0.998836330663443,0.025634341327772,0.00771150574729354,0.540314070116543,0.0118640642794117,0.861532483593525,0.0281889829262451,22644,0.254959803634562,0.0457074352598009
1,3,500,24,10,10,gini,q_star_prevalence,0.00418848167539267,0.769064910206609,0.77914415507346,154.897,0.00418848167539267,67683,20759,81,291,0.782258064516129,0.76528120123923,0.77372307144868,0.0138242280285036,0.998804675048698,0.0271683316216973,0.00826594573017993,0.547539265755359,0.012628903077202,0.861532483593525,0.0281889829262451,21050,0.237012182763979,0.0169768632768987
1,4,500,24,10,10,gini,gmean_optimized,0.00239487607908661,0.702879581151833,0.77612989518976,157.066,0.00239487607908661,61721,26721,44,328,0.881720430107527,0.697869790371091,0.78442721250926,0.0121261414470036,0.999287622439893,0.0239232704861238,0.00745621531218149,0.579590220478618,0.0114137638868967,0.863521196565734,0.0299631475073696,27049,0.304557839980183,0.183850639736436
1,4,500,24,10,10,gini,q_star_prevalence,0.00418848167539267,0.76817260597872,0.766916829393451,157.066,0.00418848167539267,67846,20596,66,306,0.82258064516129,0.767124217000973,0.794368638189795,0.014639747392594,0.999028154081753,0.0287675096361756,0.0092290179388207,0.589704862162263,0.0136679014743468,0.863521196565734,0.0299631475073696,20902,0.235345778818655,0.0554564281603179
2,0,500,48,10,10,gini,gmean_optimized,0.00344677411325009,0.757987834227986,0.782412014640338,309.779,0.00344677411325009,66388,22055,78,294,0.790322580645161,0.750630349490632,0.770220822180247,0.0131549510045192,0.99882646766768,0.0258791426433696,0.00779488634697357,0.540952930135794,0.0119814186721989,0.857776115811909,0.0274822137271101,22349,0.251635421944491,0.0396922311545289
2,0,500,48,10,10,gini,q_star_prevalence,0.00418849346533093,0.777672064606386,0.777765081372132,309.779,0.00418849346533093,68449,19994,87,285,0.766129032258065,0.773933493888719,0.770021375485815,0.0140539474333054,0.998730594140306,0.0276015689312866,0.00832247005090697,0.540062526146784,0.0127845415736112,0.857776115811909,0.0274822137271101,20279,0.228328548105613,0.00780446163065474
2,1,500,48,10,10,gini,gmean_optimized,0.00333940497874924,0.749636180927155,0.782638815211105,313.982,0.00333940497874924,66117,22326,57,315,0.846774193548387,0.747566229096706,0.795625408573264,0.0139128130382934,0.999138634509022,0.0273758310520141,0.00879949987853086,0.594340422645094,0.0130514475473149,0.87444525658285,0.0273985803835506,22641,0.254923154872488,0.0992079644516808
2,1,500,48,10,10,gini,q_star_prevalence,0.00418849346533093,0.773759426221433,0.779843938306539,313.982,0.00418849346533093,68554,19889,70,302,0.811827956989247,0.775120699207399,0.793262033414949,0.0149571591303056,0.998979948705992,0.02937314594174,0.00940241082526282,0.586948656196646,0.0139371078362975,0.87444525658285,0.0273985803835506,20191,0.227337724483477,0.0367072577818481
2,2,500,48,10,10,gini,gmean_optimized,0.00241046831955923,0.720282161133599,0.78195136635159,307.482,0.00241046831955923,63425,25019,58,314,0.844086021505376,0.717120437791145,0.77801756874464,0.0123948999328939,0.999086369579257,0.0244310445438631,0.00749591869170646,0.561206459296521,0.0114812695121513,0.862438637436823,0.0283023384303328,25333,0.285230138713745,0.126965583714232
2,2,500,48,10,10,gini,q_star_prevalence,0.00418850525533556,0.776779129534029,0.775963923185169,307.482,0.00418850525533556,68762,19682,86,286,0.768817204301075,0.777463705847768,0.773128367591977,0.0143229166666667,0.99875087148501,0.0281219272369715,0.00855050674192055,0.546280910148843,0.0130737881516771,0.862438637436823,0.0283023384303328,19968,0.224824355971897,0.00864650154669278
2,3,500,48,10,10,gini,gmean_optimized,0.00285536933581626,0.738709677419355,0.783002461411927,300.901,0.00285536933581626,64655,23787,69,303,0.814516129032258,0.73104407408245,0.771652246399638,0.0125778331257783,0.998933934861875,0.0247731174883493,0.00748145115718875,0.545560203114708,0.0115117679876533,0.864833474486529,0.0286369628068762,24090,0.271241020559822,0.0834720549498086
2,3,500,48,10,10,gini,q_star_prevalence,0.00418848167539267,0.778066768000901,0.777285414999369,300.901,0.00418848167539267,68453,19989,87,285,0.766129032258065,0.773987472015558,0.77004822765535,0.0140574134359278,0.998730668222936,0.027608253414705,0.00832510376200318,0.540116504273623,0.0127880816588632,0.864833474486529,0.0286369628068762,20274,0.228274821537145,0.00785843975749367
2,4,500,48,10,10,gini,gmean_optimized,0.00179252479023646,0.69107414288127,0.779257162460376,311.292,0.00179252479023646,60365,28077,36,336,0.903225806451613,0.682537708328622,0.785166015590815,0.0118255728011826,0.999403983377759,0.0233454924439812,0.00728595105786663,0.585763514780235,0.0112295561789411,0.871704966477028,0.0310448703027037,28413,0.319915779043844,0.220688098122991
2,4,500,48,10,10,gini,q_star_prevalence,0.00418848167539267,0.77680290491471,0.769853862118641,311.292,0.00418848167539267,68578,19864,68,304,0.817204301075269,0.775400827661066,0.796028197629925,0.0150733835779453,0.999009410599307,0.0296007789678676,0.00954195214559788,0.592605128736335,0.0140827941772519,0.871704966477028,0.0310448703027037,20168,0.227081316008737,0.0418034734142029
3,0,500,24,20,10,gini,gmean_optimized,0.00395784853244902,0.748023273161271,0.786962691207038,157.148,0.00395784853244902,65838,22605,68,304,0.817204301075269,0.744411654964214,0.779959233682963,0.0132698939281505,0.998968227475495,0.0261157166788368,0.00806423053782318,0.561615956039483,0.012238121403646,0.862857360654739,0.0276552121303614,22909,0.257940663176265,0.0727926461110546
3,0,500,24,20,10,gini,q_star_prevalence,0.00418849346533093,0.755339062486805,0.784961834995567,157.148,0.00418849346533093,66467,21976,73,299,0.803763440860215,0.751523580158973,0.777204721213249,0.0134231200897868,0.998902915539525,0.0264052633902945,0.00809930244143705,0.555287021019188,0.012326035629312,0.862857360654739,0.0276552121303614,22275,0.25080222935315,0.0522398607012425
3,1,500,24,20,10,gini,gmean_optimized,0.00303248484825899,0.708246659479422,0.780936110537051,159.27,0.00303248484825899,62697,25746,40,332,0.89247311827957,0.708897255859706,0.795406653528208,0.012731037656262,0.999362417712036,0.0251039697542533,0.00804943235322052,0.601370374139276,0.0120934553682979,0.877667351878052,0.0275471055761417,26078,0.2936215729325,0.183575862419864
3,1,500,24,20,10,gini,q_star_prevalence,0.00418849346533093,0.750815602138158,0.777717550985613,159.27,0.00418849346533093,66603,21840,60,312,0.838709677419355,0.753061293714596,0.794732530307128,0.0140845070422535,0.999099950497277,0.0277037826318594,0.00888776512179163,0.591770971133951,0.013184457539531,0.877667351878052,0.0275471055761417,22152,0.249417328154028,0.085648383704759
3,2,500,24,20,10,gini,gmean_optimized,0.00401496587937266,0.749272359806113,0.786653016184407,156.216,0.00401496587937266,66456,21988,68,304,0.817204301075269,0.751390710506083,0.783606865981643,0.0136371792571326,0.99897781251879,0.0268266854924109,0.00836521017568248,0.568595011581352,0.0126149917759228,0.864260229302498,0.0291714251104659,22292,0.250990812466222,0.0658135905691859
3,2,500,24,20,10,gini,q_star_prevalence,0.00418850525533556,0.754679697571906,0.784618796330046,156.216,0.00418850525533556,66955,21489,69,303,0.814516129032258,0.757032698656777,0.785248586920576,0.0139041850220264,0.998970518023395,0.0273416350839199,0.00856470752157435,0.571548827689035,0.012874703045421,0.864260229302498,0.0291714251104659,21792,0.245361196180868,0.057483430375481
3,3,500,24,20,10,gini,gmean_optimized,0.00352034122525926,0.734037043292237,0.786864885282985,155.47,0.00352034122525926,64610,23832,58,314,0.844086021505376,0.730535266050067,0.785260852385736,0.0130042243021619,0.999103111276056,0.0256138347336651,0.00801166271227619,0.574621287555443,0.012107335578218,0.866071695610975,0.0291352616147306,24146,0.271871551782377,0.11355075545531
3,3,500,24,20,10,gini,q_star_prevalence,0.00418848167539267,0.756313685751281,0.782856052608413,155.47,0.00418848167539267,66675,21767,74,298,0.801075268817204,0.753883901313856,0.777121450548085,0.0135055517788353,0.998891369159088,0.0265632660337835,0.00814720016605146,0.55495917013106,0.0123969209379238,0.866071695610975,0.0291352616147306,22065,0.248440561172788,0.0471913675033489
3,4,500,24,20,10,gini,gmean_optimized,0.00366226007206148,0.737251590384507,0.78127034217612,157.675,0.00366226007206148,65175,23267,56,316,0.849462365591398,0.736923633567762,0.79119459871177,0.0133994826782004,0.999141512471064,0.0263828010853684,0.00838072639790495,0.58638599915916,0.0125409951492648,0.87324737821008,0.0281624918450499,23583,0.265532461098475,0.112538732023636
3,4,500,24,20,10,gini,q_star_prevalence,0.00418848167539267,0.75470359736531,0.778418912063298,157.675,0.00418848167539267,66759,21683,59,313,0.841397849462366,0.754833676307637,0.796941297679457,0.0142298599745408,0.999117004400012,0.0279864091559371,0.00902962350000607,0.596231525770002,0.0133468643745527,0.87324737821008,0.0281624918450499,21996,0.247663656630711,0.086564173154729
4,0,500,48,20,10,gini,gmean_optimized,0.00361117831631742,0.749318103130392,0.787644180278439,309.564,0.00361117831631742,65799,22644,70,302,0.811827956989247,0.743970692988705,0.777159062064449,0.0131613353089863,0.998937284610363,0.0259027360837122,0.00794068572244659,0.555798649977952,0.0120986199193494,0.860891207616983,0.0276654615646172,22946,0.258357259471936,0.0678572640005427
4,0,500,48,20,10,gini,q_star_prevalence,0.00418849346533093,0.766435192352622,0.783128196081712,309.564,0.00418849346533093,67461,20982,80,292,0.78494623655914,0.762762457175808,0.773774851070228,0.0137256745322929,0.998815534268074,0.0269795805229604,0.00820820520786715,0.547708693734948,0.0125412088003671,0.860891207616983,0.0276654615646172,21274,0.239531610651354,0.0221837793833316
4,1,500,48,20,10,gini,gmean_optimized,0.00363250610775363,0.745177462076964,0.783854708870984,310.602,0.00363250610775363,66001,22442,60,312,0.838709677419355,0.746254649887498,0.791132730128034,0.0137118748351938,0.999091748535444,0.0269826169679149,0.00857434426662655,0.584964327306853,0.0128036233706383,0.878218645530643,0.0291485352550324,22754,0.256195462478185,0.0924550275318568
4,1,500,48,20,10,gini,q_star_prevalence,0.00418849346533093,0.762179142541076,0.782268895884877,310.602,0.00418849346533093,67598,20845,67,305,0.81989247311828,0.764311477448752,0.791614317378194,0.0144208037825059,0.999009827828272,0.0283430907908187,0.00902789520244663,0.584203950567032,0.0134306316107775,0.878218645530643,0.0291485352550324,21150,0.23813545009289,0.0555809956695273
4,2,500,48,20,10,gini,gmean_optimized,0.00329427998646151,0.738581537924551,0.789299121575187,304.735,0.00329427998646151,65433,23011,57,315,0.846774193548387,0.739824069467686,0.791494744007303,0.0135042441910315,0.999129638112689,0.0265845219005823,0.00845255869119523,0.586598263016073,0.0126338823037204,0.868028986083412,0.0285105231774494,23326,0.262632858944334,0.106950124080701
4,2,500,48,20,10,gini,q_star_prevalence,0.00418850525533556,0.765899712321749,0.780864581336786,304.735,0.00418850525533556,67927,20517,77,295,0.793010752688172,0.768022703631677,0.780416723480834,0.0141745147030559,0.998867713663902,0.0278512084592145,0.00862321687894385,0.561033456319849,0.013042228366958,0.868028986083412,0.0285105231774494,20812,0.234327148261575,0.0249880490564954
4,3,500,48,20,10,gini,gmean_optimized,0.00340936894927355,0.742732083544446,0.790879826507801,303.119000000001,0.00340936894927355,65300,23142,67,305,0.81989247311828,0.73833698921327,0.778046875246455,0.0130080607327163,0.998975017975431,0.0256098072966959,0.00786644860025232,0.558229462331549,0.0119830787081474,0.866117606873395,0.0297161656315819,23447,0.264001170986556,0.0815554839050099
4,3,500,48,20,10,gini,q_star_prevalence,0.00418848167539267,0.766585036311434,0.784859853519411,303.119000000001,0.00418848167539267,67537,20905,76,296,0.795698924731183,0.763630401845277,0.779499768852004,0.0139616055846422,0.998875955807315,0.0274417095443378,0.00847381358508926,0.55932932657646,0.0128375613919574,0.866117606873395,0.0297161656315819,21201,0.238712365167654,0.0320685228859057
4,4,500,48,20,10,gini,gmean_optimized,0.0030094900483734,0.726391938298711,0.787766907698352,304.684,0.0030094900483734,64142,24300,50,322,0.865591397849462,0.725243662513286,0.792316020042722,0.0130777353586224,0.999221086739781,0.0257661838841322,0.008203345619623,0.590835060362748,0.0122988220984031,0.876483461125,0.0304167992398433,24622,0.277231067174094,0.140347735336177
4,4,500,48,20,10,gini,q_star_prevalence,0.00418848167539267,0.764392276079491,0.779763106176758,304.684,0.00418848167539267,67676,20766,62,310,0.833333333333333,0.765202053323082,0.798541406421254,0.0147086733725565,0.999084708730698,0.0289071242073853,0.00937067113758822,0.598535386656415,0.0137933821032541,0.876483461125,0.0304167992398433,21076,0.237304929403022,0.0681312800102516
