rank,feature,mean_abs_shap,mean_shap,sd_shap,min_shap,q25_shap,median_shap,q75_shap,max_shap,positive_share
1,aceptoculpasinantecedentes,0.00157454989431604,0.00120607138216046,0.00400902707280907,-0.00184104521915138,-0.000330610604202028,-7.80625564189563e-19,8.67361737988403e-19,0.0231380388509061,0.384
2,antiguedad_poliza,0.00146683953311059,0.00103095505687231,0.00280707711739829,-0.00318352905547432,-0.000357590955620475,0.000133553918453751,0.00130459058800075,0.0198612600082677,0.57
3,comarcaid,0.00101962574213942,0.000883031894567822,0.00141533640268468,-0.00203104273497665,4.44302584235015e-05,0.000437967532450729,0.00132247381883447,0.010645957080901,0.776
4,edad_conductor1,0.000748498759305373,0.000383907901186969,0.000969182538582828,-0.00139297486541775,-0.000325210629137992,7.94351307091405e-05,0.000905412768625926,0.00487752980243587,0.542
5,ine_008,0.00072516007492756,0.000595297835013713,0.000819513329074722,-0.000853531129587616,-1.16751955887231e-05,0.000404124030920771,0.00108698694107,0.00401152532899103,0.736
6,dias_notificacion,0.000536255119836789,0.000324173241441899,0.00109481490445663,-0.00113498217911749,-0.000178261249333702,2.76386234736777e-05,0.00034923788622105,0.00959081286251969,0.538
7,anyomatricula,0.000462425916094583,6.63600358446649e-05,0.000808589474335841,-0.00115130936752371,-0.000325774201294305,-0.000138822073249391,0.000152138013732243,0.00586430547317552,0.346
8,ine_021,0.000438222404878264,0.000364693125550555,0.000538508188046398,-0.000446237463766056,-1.90674552130983e-05,0.000246211619714284,0.000618592292508999,0.00291063319243106,0.72
9,sea_005,0.00042654382286436,0.000281631200305331,0.000512926936198164,-0.000691734436903493,-0.000110613531436545,0.000150842099644025,0.000637668490088514,0.00271567387856533,0.624
10,ine_026,0.000418063091009969,0.000310829869264342,0.000416034878569254,-0.00127531339996431,-1.84973329985791e-05,0.000320094474946237,0.000612828483385883,0.00186868309052971,0.738
11,ine_041,0.000403133573809829,0.00032757782337256,0.000439371349679937,-0.000513848888087869,-7.54742098277901e-06,0.000278522224437219,0.000582092546443868,0.00282994168314122,0.744
12,ine_011,0.000397445216836176,0.000318848374962967,0.000383459042750229,-0.000655152851874062,6.20296036706665e-05,0.000320622060561675,0.000540713958580966,0.00197319144736411,0.788
13,ine_037,0.000392203547070966,0.000323473586118049,0.000714179118491391,-0.000606187722292083,-2.19845066243401e-05,0.000135913868148725,0.000456688143483032,0.00705164488852613,0.712
14,ine_012,0.000383783689269763,0.000312986664303403,0.000445981225256678,-0.000453675592762804,6.99588354892863e-06,0.000215714574576145,0.000544144000789453,0.00220565228427281,0.754
15,ine_013,0.000365185637572487,0.000285804137786119,0.000387710647934201,-0.000545195870551556,-1.77468207620597e-05,0.000268444405933667,0.000539171328686456,0.00184015723121873,0.732
16,ine_053,0.000341348152161887,0.000275447990181433,0.000386755741359984,-0.000447402849572264,-2.35630791140659e-05,0.00020798835129264,0.000523179266288233,0.00277975522986609,0.704
17,ine_015,0.000333685321251198,0.000270302137842975,0.000340952686325092,-0.000550325120144115,1.89203808064353e-05,0.000238278800743435,0.000476605984930732,0.0021790322197812,0.778
18,ine_034,0.000325521797108949,0.00023106311881623,0.000456060748371964,-0.000616840549567877,-7.79811713858328e-05,4.17752389125279e-05,0.000436597512397627,0.00226318029869754,0.586
19,actasvariacion,0.000320465491325824,8.55913772375048e-05,0.000682180870486933,-0.000932219735457025,-0.000192587006176178,-3.95214917864832e-05,0.000254000723000559,0.00864131244923553,0.456
20,ine_025,0.00031155041653709,0.000233064972355201,0.000355076869765828,-0.000673038025123172,-2.58487194019961e-05,0.000200714351812354,0.000422811164488606,0.00232168724133385,0.724
21,pesovehiculo,0.000308445673549235,0.000164346222490297,0.000433239718154105,-0.000852882715173837,-0.000111532910488497,5.86515980963087e-05,0.000341019341573794,0.00296303036246833,0.574
22,ine_009,0.000306933121718605,0.000257549558388464,0.00040930423221716,-0.000497805651121344,-7.23326212024906e-06,0.000114263383193281,0.000436285051014282,0.00247504916686737,0.732
23,tomadorprovinciaid,0.000305999005580942,0.000240140779701801,0.000372948427966465,-0.000857746587371968,4.77088852243379e-05,0.00019732808395161,0.000335445863162938,0.00258491677923214,0.788
24,potencia,0.000301435964490445,0.000118501357018398,0.000477045425003705,-0.000888179305319262,-0.000159558618377856,-9.42194626398445e-06,0.000239377476114865,0.00280986524241198,0.494
25,longitud,0.000294941351448454,0.000113910070920797,0.000390573948488959,-0.00107715953518312,-0.000143860577884447,4.80796130012018e-05,0.000302065781399182,0.00168600279651361,0.554
26,ine_046,0.000291266326098862,0.000227172762314112,0.000369442409134284,-0.000407132831472813,-3.42293111925429e-05,9.57443184584581e-05,0.00042996832925211,0.00154617927883679,0.684
27,ine_048,0.000281034255921915,0.000223916411645734,0.000358448760019599,-0.000419774804826643,-2.29093353188971e-05,0.000130108301242159,0.000383436786049733,0.0016939499245763,0.704
28,cilindrada,0.000269141072396561,0.000102756417876673,0.000430321165539926,-0.000548422663035892,-0.000137290241194651,-2.96359267809892e-05,0.000193847053281759,0.00238814925895472,0.454
29,ine_038,0.000269054726062919,0.00021877220072127,0.0002979136474315,-0.000612042631206547,2.96586845505565e-05,0.000163333567899857,0.000345801252534187,0.00138283249638741,0.776
30,pesomaxautorizado,0.000264275474772393,2.56249856484992e-05,0.00048205011648363,-0.000926378428904441,-0.000175494562077194,-0.000102243165024363,-8.77440540602525e-06,0.00290891009621852,0.232
31,valorvehiculomercado,0.00025963382295148,0.000101356194762043,0.000350828859497006,-0.000740032321115968,-0.000132050000145428,3.3692506585863e-05,0.000266514902639072,0.00159291477577089,0.56
32,sea_007,0.000252401385262467,0.00019590238814875,0.00037917134226693,-0.000757129641252187,-1.94664849288323e-05,0.000110237976611804,0.000318783929257157,0.00343892943002185,0.704
33,ine_054,0.000245375782336282,0.000149259657405837,0.000307902420131309,-0.000465387930595915,-8.06021679245679e-05,4.79260161263964e-05,0.000351568431749705,0.0012269501790479,0.59
34,contratalunas,0.000244975185053011,8.16072147823719e-05,0.00045014592031047,-0.00046605033664662,-0.000129942572007053,-6.60743886788538e-05,-7.75204553327136e-19,0.00216787981638751,0.21
35,ine_028,0.00024182702983604,0.000182916697943388,0.000292051743552697,-0.000366200282973654,-1.55074872790932e-05,0.000126846759586569,0.000318784735472689,0.00147990727217819,0.72
36,ine_018,0.000236378583489289,0.000149316605483864,0.000334753456759089,-0.000283783698119588,-7.6131205433464e-05,6.26524573968685e-05,0.000291593033593855,0.00246484699295266,0.576
37,ine_017,0.000235061939643045,0.000161438856107567,0.000493590124764184,-0.000353079400985934,-5.82223862612029e-05,3.6864442497865e-05,0.000173907984918133,0.00448876944751046,0.564
38,rep_005,0.000232079124648432,0.000164929812749903,0.000350596955586582,-0.000323330170132269,-5.67806059043506e-05,3.79851760113861e-05,0.000245087583676128,0.00261518743816572,0.6
39,sea_006,0.000231170986822574,0.000112138073418269,0.000397027042767254,-0.000590123941780064,-9.66627218412831e-05,1.03959769139949e-05,0.000184505248842788,0.00295314363573698,0.528
40,dgc_012,0.000228012019065689,0.000141797523163436,0.000330137699896011,-0.0003768934326925,-7.20164114814043e-05,1.11128028574114e-05,0.000270190625985636,0.00144617456460184,0.524
41,dgt_002,0.000226617062153569,0.000160916827673599,0.000296231985038683,-0.000466171910138673,-1.72219606569995e-05,0.000120054643262849,0.000283104942277243,0.00248868573930256,0.716
42,ine_029,0.000218826667580148,0.000165988827189561,0.000398852873409571,-0.000338229643710116,-3.37268009501689e-05,3.84847425221098e-05,0.000192690922825096,0.00368509264822606,0.634
43,dgc_007,0.000211154054286333,0.000108312901940495,0.000390273626240565,-0.000662682515213349,-8.30599669410075e-05,3.64701921280511e-06,0.000153315710236983,0.00370359302294814,0.514
44,puertas,0.000202919569958138,7.40395769538348e-05,0.000401719341925406,-0.00165160625591311,-9.25012869543403e-05,-2.74875027920039e-05,8.03492926385664e-05,0.00280530347479388,0.424
45,rep_001,0.000202771254581718,0.000133870603304096,0.000296653841386341,-0.000359517180069658,-4.81346451929795e-05,4.3160456456938e-05,0.00022275631622863,0.00151687894869952,0.632
46,ine_051,0.000202764076760928,0.000148777027152479,0.000258264335531256,-0.000399181154981582,-2.71221757020414e-05,8.60126815906586e-05,0.000269688787597682,0.00160638623022224,0.704
47,ine_016,0.000200865388901041,9.99973005740466e-05,0.000300013677775499,-0.000381960088630781,-8.17068799920306e-05,2.71193343126645e-05,0.000189419795287785,0.00185785181009357,0.554
48,ine_052,0.000196992302778375,0.00012596693966762,0.000244277925048051,-0.000381388860698207,-5.01047280609778e-05,5.13135409444814e-05,0.000274881990514262,0.00129147916207645,0.62
49,ign_001,0.00019449200163408,0.000118121633972986,0.000333135693565829,-0.000336456690851591,-6.48790459916343e-05,1.19223956996646e-05,0.000193367003771151,0.00297593100091147,0.542
50,sea_001,0.00019406112851517,9.66238448818774e-05,0.000257567076724477,-0.000430749521111125,-8.43393419438882e-05,3.15236681355185e-05,0.00022232089940598,0.00120761445179889,0.558
51,dgt_001,0.000193729780916206,0.000133165826816716,0.000242837964567853,-0.00035316824393008,-3.74660876228679e-05,7.37581860529121e-05,0.000264902582192407,0.00126002268430102,0.672
52,ine_040,0.000192582684972688,9.68555040696442e-05,0.000307047793226635,-0.000283793233895344,-8.74548270156513e-05,-1.09656589019683e-05,0.000219228768196834,0.00201586980987584,0.476
53,ine_030,0.000191941097226716,0.000119987207512292,0.000311827364302151,-0.000290951893427923,-6.06800010830795e-05,1.07087055134419e-05,0.00015233163141984,0.00188432066099734,0.526
54,valorvehiculofabrica,0.000191899030485385,6.79774459648059e-05,0.000260525455942641,-0.000717945331642473,-8.63779117700323e-05,3.05964943081781e-05,0.000196900759304608,0.00118143204544171,0.552
55,ine_042,0.000190368592533518,9.37699283140341e-05,0.000254796098805188,-0.000461025744197018,-7.85726681201191e-05,2.201912676406e-05,0.000219691258591959,0.00110541190873538,0.55
56,dgc_005,0.000188588736766478,7.90873149859543e-05,0.000334727411741155,-0.00042278805426513,-9.31231512615155e-05,5.35040648237654e-06,0.000123652854291279,0.00212632867949272,0.51
57,dgc_010,0.000188238445167643,0.000114713336073426,0.000277873222181242,-0.000383819939374812,-5.37779345107712e-05,2.87350435037178e-05,0.000193199057620144,0.00141115508548217,0.594
58,ine_027,0.000187802540489994,9.12171793100709e-05,0.000271282024345186,-0.000497934944805125,-8.20554949414332e-05,3.11146781311458e-05,0.000190555461085934,0.00153425898615305,0.554
59,dgc_009,0.000186019887908096,0.000106883291115242,0.000256209034606436,-0.000400293248142872,-6.23666266158285e-05,4.71250748946817e-05,0.000230876683120276,0.00176458272918637,0.598
60,ine_031,0.00018579641346725,7.16331296424822e-05,0.000267804748784726,-0.000685146877069785,-8.71055463779178e-05,-7.24704289882486e-06,0.000157108289113919,0.00101997946773087,0.482
61,dgc_018,0.000185342865847182,0.00010394776259112,0.000280170733051084,-0.000397448683985286,-7.13743324881098e-05,1.81267675416678e-05,0.000200317350525558,0.00171181461191581,0.554
62,ine_047,0.000183216695644889,0.000101844212871372,0.000248270771459592,-0.000372301633182601,-6.35721061932581e-05,2.94810234310903e-05,0.000230715179570746,0.00145407098950885,0.576
63,dgc_002,0.000181701491476262,7.88584948448645e-05,0.000348832077506061,-0.000459349195540598,-8.81289039522531e-05,-8.26770957583736e-06,9.65781601415611e-05,0.0027771140018735,0.49
64,ine_004,0.000181207147098317,0.000125793742363704,0.00027823149612677,-0.000241075612434787,-3.88507043646117e-05,3.87916141273424e-05,0.000187404648298446,0.00155908752063803,0.628
65,ine_003,0.000180779430940763,0.000111527322004544,0.00025053508369006,-0.000399713431502743,-6.23146546478357e-05,2.26617697746562e-05,0.000214431866796952,0.00115921755250342,0.572
66,ine_014,0.000177988638833211,0.000122101236962433,0.000217232547777118,-0.000474170794163316,-1.18574034056175e-05,7.87547771017609e-05,0.000235622818154514,0.00137613303290722,0.73
67,ine_001,0.000175268398262195,6.99255552900085e-05,0.000287117330231385,-0.000560815806877027,-8.36519441023531e-05,1.71349247686925e-05,0.000145438299534015,0.00213277997770214,0.528
68,ine_032,0.000172015061774132,6.72899371198097e-05,0.000260632919259571,-0.000421523206070541,-9.31872611992427e-05,6.74925538925437e-06,0.000146122558254551,0.00147143051476429,0.51
69,dgc_006,0.000170391947207889,0.000101979814973582,0.000284988730298943,-0.000278096716212625,-5.71251959804531e-05,2.45525061706374e-05,0.000165705425922636,0.0023615732754443,0.57
70,dgc_008,0.000170162423189084,8.5616925570454e-05,0.000267168121763702,-0.00035551536330269,-6.69540066901264e-05,1.74394882630046e-05,0.000150106491174692,0.0017550592300409,0.546
71,dgc_013,0.000169950081099177,0.00010128565681696,0.000329150179227792,-0.000358801594330101,-5.13788033271906e-05,2.18672754507658e-05,0.000132059254824431,0.00298753537373286,0.578
72,sea_009,0.000168067689144437,3.63500986740659e-05,0.00030532467730698,-0.000487964598861264,-0.000116730056370336,-2.11858565926649e-05,0.000113642762483247,0.00332885033959614,0.448
73,contrataasistencia,0.000164232686245286,7.73705957476962e-05,0.000466097765960096,-0.000299508718903428,-7.23770214407946e-05,-2.34187669256869e-18,4.77048955893621e-19,0.00290345245504048,0.316
74,ine_035,0.000163284141525377,8.28028992690076e-05,0.000232962869724806,-0.000459622690450563,-6.13041471666229e-05,1.62962707350121e-05,0.00019211600852015,0.00134361138985313,0.55
75,rep_004,0.00016177733716798,5.83052436829183e-05,0.000222295384101689,-0.000398131357481122,-8.78729982327664e-05,5.24701368862778e-06,0.000148007617571387,0.00103081823898804,0.51
76,ine_049,0.000161607689563302,8.77902045604827e-05,0.000209230151305886,-0.000442306685441611,-5.54995236794655e-05,4.39715348916238e-05,0.000200133048883215,0.00134151532547638,0.61
77,ine_023,0.000161257910513947,4.84544812174779e-05,0.000217117968203804,-0.000529856752382794,-9.39573154749567e-05,-2.51106529895404e-06,0.000164246927115238,0.00128043238717205,0.496
78,ine_019,0.000160753923772873,7.79038594477302e-05,0.000265958379821419,-0.000392803043128076,-6.54274337275442e-05,1.06525281326192e-05,0.000131121102102993,0.00193295988750463,0.522
79,dgc_011,0.000160665960863522,8.35515330064899e-05,0.000264467642546655,-0.000390930718443901,-5.96961941483231e-05,3.43715631821584e-06,0.000121164536474913,0.00125100928672942,0.53
80,dgc_017,0.000160648676240019,6.88179679853812e-05,0.000261625925577757,-0.000334834036034775,-7.59248217331767e-05,-4.387696282025e-06,0.000101414940659337,0.00173280448449661,0.484
81,ine_005,0.000157770661961347,8.65452668578543e-05,0.000224395143458468,-0.000308447467405759,-5.44901596907638e-05,2.20466894094383e-05,0.000186535481214264,0.00213069169721703,0.558
82,dgc_003,0.000153031718845524,8.66329200765461e-05,0.000239472237911013,-0.000387823675262073,-5.02808880543655e-05,2.0546555166944e-05,0.000142662570384717,0.00207497007925082,0.582
83,ine_007,0.000151390733161182,9.18432941037795e-05,0.000243551253776232,-0.000284876338267698,-3.87477829151391e-05,3.2224695907939e-05,0.000152267667779691,0.00246626749567025,0.61
84,tomadorcomarcaid,0.000151347731760166,0.000116074191895051,0.000177443012776685,-0.000267212460010982,-4.01071304024341e-06,9.4572178701381e-05,0.0001978060979927,0.0012428288201186,0.736
85,sea_004,0.000149501426028946,3.24734065030287e-05,0.000233891029655124,-0.000437955984623607,-9.92865038500441e-05,-1.95341889634697e-05,9.55974058227854e-05,0.00132945193296899,0.424
86,dgc_019,0.000149270689294679,6.98794264777302e-05,0.000241394794770883,-0.000458485928632766,-6.25898506100197e-05,4.34557692154919e-06,0.000114936537394357,0.00196413929091805,0.51
87,ine_002,0.000148303521770206,9.99090023617216e-05,0.000227023491631277,-0.000324312544154563,-2.9851234226258e-05,3.45606538013604e-05,0.0001503004823495,0.00138792439359096,0.626
88,ine_022,0.000146232696932966,6.74192669266448e-05,0.000194628835936023,-0.000299776458644772,-6.59056202069774e-05,2.66495236790604e-05,0.000168050713121952,0.000939850223045515,0.578
89,sea_008,0.000146063625231615,6.01658054699028e-06,0.000219442652563848,-0.000611032941190655,-0.000115819156644657,-2.71967669103336e-05,8.69805109913847e-05,0.00186621993409096,0.438
90,ine_036,0.000145110031130356,7.27406252352438e-05,0.000239833767155749,-0.000337064093971189,-5.25689907018288e-05,4.44021471457634e-06,0.000119780439433596,0.00152488858505313,0.514
91,rep_007,0.000144084226742815,5.80603164218645e-05,0.000211755548026333,-0.000551339227346163,-6.1076120620819e-05,1.30554104393441e-05,0.000154587937749125,0.00194211476469297,0.56
92,rep_008,0.000143752680882107,6.39545075322579e-05,0.000217065384198673,-0.000351259829508559,-6.52015936004017e-05,8.26971591572351e-06,0.000128002369096562,0.00143535650866484,0.524
93,dgc_016,0.000142909275775642,8.81073647841707e-05,0.000230654176712026,-0.000238220913426135,-3.93708694647202e-05,3.45859610628692e-05,0.000144602526998276,0.00184033485731379,0.6
94,ine_055,0.000142325433431746,6.95131507679733e-05,0.000191610516185835,-0.00040674024439916,-5.57763160105659e-05,2.69076890912842e-05,0.000158481561145546,0.000896516523208917,0.588
95,ine_045,0.000142053216104453,4.66294978483806e-05,0.000210268900856989,-0.00029938795441587,-8.28365609684453e-05,1.29082896816724e-05,0.000139874404008945,0.00166174086672355,0.534
96,ine_010,0.000141824740328169,5.9948182179876e-05,0.000235328598908834,-0.000432638668478835,-5.62753776435359e-05,9.97869141020809e-06,0.000120960778477619,0.00166774852993512,0.54
97,sea_003,0.000138579852984436,3.55341230651093e-05,0.000218543616074951,-0.000483652157653304,-8.96367129078989e-05,2.47195153506619e-06,9.71142496634318e-05,0.0013492917768976,0.506
98,ine_050,0.000138525005641481,7.38278972500778e-05,0.000245767439412411,-0.000381183460747471,-5.1446192976656e-05,2.16353198454714e-05,0.000106168026211664,0.00162029176387988,0.574
99,ine_044,0.000137998682937214,5.36097188770275e-05,0.000212185241549016,-0.00044064086060505,-7.19728747853585e-05,2.01561925606157e-07,0.000107199464735018,0.00128078858074518,0.5
100,ine_033,0.00013771199998651,7.67575084081174e-05,0.000221975477137769,-0.000339507294062781,-4.83348035988239e-05,1.86987367009794e-05,0.000119632880304793,0.00126104254796883,0.554
101,dgc_001,0.000136761557849753,6.98567682403377e-05,0.00019235929035976,-0.000498598172077686,-5.08076120457805e-05,1.68204652890503e-05,0.000170423539543006,0.00158411397783417,0.574
102,rep_003,0.000136638240745747,5.93125193523859e-05,0.00018649239907671,-0.000519407986428624,-4.78614720681149e-05,4.28644908974218e-05,0.000142728859790156,0.00113089403091006,0.62
103,dgc_004,0.000136324358409425,2.75840710608355e-05,0.00018603431635308,-0.000867538678004711,-8.23695633960166e-05,1.33712076500798e-05,0.000116787526245138,0.000772717897835033,0.542
104,osm_001,0.000135584836647127,6.37502918448508e-05,0.000256824585811091,-0.000355357131250528,-5.77680554359859e-05,1.34881936216792e-05,0.000107980920685018,0.0020916363791863,0.562
105,categoria,0.000134795306880285,-3.50133205914594e-05,0.000264650434242481,-0.00138928041752967,-5.53980506002516e-06,2.77703707919983e-05,6.65408201247888e-05,0.000999529608780574,0.688
106,dgc_014,0.000133998219640491,6.26003523156519e-05,0.000222437204556338,-0.000388417025013254,-5.71255151551672e-05,1.18998291212852e-05,0.000118845870141312,0.00147696998450664,0.538
107,sea_010,0.000132486428597855,5.59200445625212e-05,0.000221079476190507,-0.000552143679386358,-4.89777156425013e-05,2.79764947411679e-05,0.000107525032054251,0.00197457849034493,0.594
108,ine_006,0.000128567686995613,6.47464609170032e-05,0.000183129490946093,-0.000351776378746628,-4.76112141513802e-05,3.16972445734797e-05,0.000137572257032825,0.00148283129942233,0.604
109,ine_024,0.000128337761624651,5.14609819566488e-05,0.000177742426771891,-0.000411150890550755,-6.28003288560527e-05,1.31221333467916e-05,0.000127885588696526,0.00105288236364792,0.534
110,ine_043,0.000127062811966341,4.57083800087089e-05,0.000211011016550142,-0.00040916086710701,-6.76400791227527e-05,1.4199267915774e-05,0.000123550402676559,0.0023456632845653,0.552
111,ine_057,0.000126787728463801,4.2873043677556e-05,0.000186990690545589,-0.000355115964692351,-7.36867970313828e-05,1.87497735022e-05,0.000109396111940064,0.00107811527218589,0.54
112,ine_056,0.000126336570243834,6.77845710240438e-05,0.000189364454403779,-0.00029183733189251,-4.22818306146552e-05,2.43531645472157e-05,0.000125893780878333,0.000986864194205695,0.594
113,rep_010,0.000122929087138832,2.87728106796307e-05,0.000186104310020001,-0.000400218339796614,-8.38793883410077e-05,-1.70232523145201e-05,8.41657191557633e-05,0.00103766846063649,0.438
114,dgc_020,0.000121688820274087,5.43386020443161e-05,0.000195967728650535,-0.000219193520122884,-6.27948890779319e-05,1.25422340870187e-05,9.44214445372462e-05,0.00135051203831112,0.562
115,ine_039,0.000119782824146461,7.00496627330657e-05,0.000157930785212422,-0.000375602030453803,-2.05984637325416e-05,5.13883924642229e-05,0.000135274411910872,0.000764652733557566,0.688
116,sea_002,0.000117104189138668,2.33303906045645e-05,0.000167533871196168,-0.000291299131375049,-8.06304723441871e-05,-9.76210388669204e-06,8.62957872644636e-05,0.000844027945008606,0.462
117,dgc_015,0.00011647965153672,4.35607966206802e-05,0.000209953297547788,-0.00032280490906885,-6.18448885689132e-05,1.14076272703423e-06,8.24360818167559e-05,0.00179485222554796,0.512
118,rep_002,0.000115387999892804,4.23804064144099e-05,0.000162306105765583,-0.000301216535022313,-5.22687581427222e-05,2.42151737030472e-05,0.000108684052619233,0.00114662900103076,0.578
119,rep_006,0.000113976099480777,4.67838428845167e-05,0.000151750595519589,-0.000330279568112894,-5.20054580059591e-05,1.95115588803805e-05,0.000113949522096736,0.000714610593105066,0.588
120,rep_009,0.000108566306910799,2.1505018794837e-05,0.000167174925564602,-0.000460770313055354,-6.82910657221147e-05,-1.66187890007812e-06,7.89560358253038e-05,0.00141057374569606,0.49
121,ine_020,0.00010322944056981,4.48442024587467e-05,0.000151947182937358,-0.000343836643866136,-3.68272185765267e-05,2.68231828842985e-05,9.46466693346238e-05,0.000862906806563157,0.606
122,contratadanyospropios,5.68664830307573e-05,-3.34281442412181e-06,0.000175427453577994,-0.000440629772033495,-4.47873063495704e-05,-1.79133479877728e-05,-3.25260651745651e-19,0.00236633747974214,0.23
123,dias_notificacion2,3.80599335695522e-05,3.80599335695512e-05,0.000851045986806427,-4.81385764583564e-18,-7.2099444470286e-19,2.16840434497099e-20,7.80625564189561e-19,0.0190299667847756,0.51
124,flota,1.01865087024712e-05,-1.01169516817793e-05,1.92730916453022e-05,-0.000129674428962509,-1.30324550231731e-05,-8.45677694538694e-19,3.57786716920216e-19,1.26626187060219e-05,0.308
125,tomadornacionalidadid,6.89392122184344e-06,1.11663793385813e-06,3.6723520846386e-05,-0.000122288757906861,-3.51281503885304e-18,-2.11419423634673e-19,1.22514845490862e-18,0.000528871659719436,0.46
126,tomadorcodigopostal,8.5330383888979e-07,-3.12538924139591e-07,4.79299955772502e-06,-6.10332997594018e-05,-8.34835672813837e-19,1.0842021724855e-19,1.26851654180804e-18,1.07912175429684e-05,0.536
127,formapago,1.17193581228303e-18,-1.72171304990699e-20,1.59832241108361e-18,-9.41087485717418e-18,-9.10729824887822e-19,-4.33680868994202e-20,9.10729824887821e-19,4.94396190653391e-18,0.49
128,tomadormunicipioid,1.15268038169969e-18,8.08381139805191e-20,1.58050459050855e-18,-4.85722573273506e-18,-7.48099499014998e-19,3.25260651745649e-20,9.54097911787242e-19,7.5243630770494e-18,0.51
129,tomadorexperian,1.1408192099327e-18,-3.14201789586301e-20,1.5234173286576e-18,-4.68375338513738e-18,-8.67361737988403e-19,4.33680868994203e-20,8.67361737988403e-19,5.50774703622636e-18,0.51
130,sexo,1.13446578520193e-18,6.03250088770934e-20,1.52523805672492e-18,-7.80625564189564e-18,-8.34835672813838e-19,8.67361737988403e-20,9.54097911787244e-19,5.89805981832114e-18,0.532
131,tipocliente,1.10378286372059e-18,9.30245463992554e-21,1.49876135078638e-18,-6.11490025281824e-18,-7.91467585914419e-19,8.67361737988393e-20,8.67361737988403e-19,7.54604712049911e-18,0.52
132,scoring,1.08866908543614e-18,-8.27896778909932e-20,1.43131407339972e-18,-9.19403442267708e-18,-9.10729824887823e-19,-1.73472347597682e-19,8.67361737988403e-19,5.55111512312579e-18,0.452
133,garantia,1.08532974274489e-18,2.10335221462187e-20,1.43283470805105e-18,-5.29090660172926e-18,-8.23993651088984e-19,1.62415798610998e-33,8.94466792300541e-19,6.33174068731535e-18,0.502
134,subramo,1.07862937331893e-18,-2.99456640040498e-20,1.48650917147284e-18,-7.97972798949331e-18,-8.67361737988404e-19,-1.3010426069826e-19,7.80625564189564e-19,7.89299181569447e-18,0.466
135,tomadornivel,1.07815232436304e-18,-2.46547574023205e-20,1.42150221157288e-18,-6.67868538251071e-18,-8.34835672813839e-19,-4.33680868994193e-20,7.86046575051991e-19,5.46437894932693e-18,0.486
136,canalnombre,1.07017259637354e-18,1.19262238973393e-21,1.41379189414482e-18,-8.89045781438114e-18,-8.67361737988404e-19,1.12513280024013e-33,8.34835672813839e-19,5.29090660172924e-18,0.504
137,zona,1.06644294090019e-18,-5.26922255827966e-21,1.42629744411108e-18,-6.72205346941013e-18,-7.9146758591442e-19,2.16840434497105e-20,7.91467585914419e-19,3.98986399474666e-18,0.514
138,tomadorcategoriacarnet,1.06401432803382e-18,1.1217155676535e-19,1.41505118454176e-18,-5.8113236445223e-18,-6.93889390390726e-19,8.67361737988408e-20,9.5409791178724e-19,5.55111512312578e-18,0.532
139,tipo,1.0622579205144e-18,1.72604985859691e-20,1.40798129718649e-18,-4.5102810375397e-18,-7.48099499014999e-19,4.33680868994206e-20,8.673617379884e-19,4.85722573273506e-18,0.504
140,garantia_agrupada,1.04701403796925e-18,-1.79327039329104e-20,1.37071119903963e-18,-4.5102810375397e-18,-8.67361737988402e-19,-4.3368086899422e-20,7.42678488152571e-19,5.76795555762288e-18,0.482
141,tipodocumento,1.04057387706469e-18,-1.00613961606656e-20,1.40055627677368e-18,-7.37257477290143e-18,-7.80625564189565e-19,1.54232811569065e-34,8.67361737988403e-19,5.55111512312579e-18,0.502
142,motor,1.04044377280399e-18,6.46618175670354e-20,1.4131702878184e-18,-6.76542155630955e-18,-7.80625564189563e-19,3.74497946545142e-34,7.80625564189565e-19,6.41847686111418e-18,0.508
143,garantiaasistencia,1.03272425333589e-18,8.16187395447087e-20,1.36970746874628e-18,-3.90312782094781e-18,-7.80625564189564e-19,4.00343171060021e-34,7.86046575051992e-19,6.76542155630955e-18,0.504
144,formapago_agrupado,1.01815257613769e-18,-6.24500451351651e-20,1.38920503529266e-18,-5.5944832100252e-18,-8.23993651088984e-19,-4.33680868994193e-20,6.50521303491303e-19,6.15826833971766e-18,0.478
