rank,feature,mean_gain,std_gain,mean_split,folds,gain_share
1,garantia,12548.767127037048,3995.6963784313793,16.6,5,0.22726434811369445
2,tomadorcodigopostal,7513.549009990692,8328.70197607276,241.2,5,0.13607407010500558
3,antiguedad_poliza,5289.748368644714,2270.049326772412,88.2,5,0.0957999461234221
4,tomadornivel,2801.828811264038,633.3482247892538,19.8,5,0.050742498595432665
5,comarcaid,2214.193501853943,1443.9254227267156,25.0,5,0.04010013395756029
6,edad_conductor1,1940.187944984436,1062.8762156965026,46.0,5,0.03513775848026656
7,garantia_agrupada,1413.162654876709,1939.305417741851,12.0,5,0.025593071119091208
8,dias_notificacion,1128.0534474372864,788.7778803915917,31.6,5,0.02042960306569754
9,cilindrada,990.7945390701294,681.7797448254275,22.4,5,0.017943776687929333
10,tomadormunicipioid,966.0066588401794,876.2871023460865,37.0,5,0.01749485597846438
11,longitud,936.2095865249634,569.726175676572,22.8,5,0.016955216335234096
12,pesovehiculo,911.2129571914672,852.2950471435082,19.8,5,0.01650251507677525
13,valorvehiculomercado,743.7184418678283,567.6242372260956,21.0,5,0.013469106977613735
14,potencia,704.7584613800049,524.7082739166169,21.8,5,0.012763522558168214
15,anyomatricula,673.6661876678467,622.2422017674164,22.8,5,0.0122004261802506
16,valorvehiculofabrica,567.5839687347412,402.88300938981223,14.0,5,0.010279224990665784
17,aceptoculpasinantecedentes,548.2613359451294,350.0775491885769,4.8,5,0.00992928260187844
18,actasvariacion,486.6055172920227,300.9677319692086,14.6,5,0.008812665384285453
19,sea_005,480.7019847869873,205.06868443199946,4.8,5,0.008705749505399296
20,rep_008,417.04628505706785,400.290619077216,3.2,5,0.007552913457332715
21,puertas,392.4957695960999,243.3011353026339,12.8,5,0.007108291540644915
22,dgc_005,360.3215482711792,372.7478432320329,2.2,5,0.0065256005590169615
23,pesomaxautorizado,355.94462261199953,235.68464820429807,8.0,5,0.006446332281376173
24,sea_009,353.30584087371824,151.68970276824322,4.0,5,0.0063985426455104525
25,dgt_002,295.55828495025634,335.79411540945557,4.0,5,0.005352705989268076
26,dgc_018,277.4620653152466,252.37180427617128,2.8,5,0.0050249745462475235
27,sexo,252.1977195739746,137.02423627757372,6.0,5,0.0045674248118964585
28,dgt_001,240.11626014709472,225.22112550532896,2.8,5,0.004348623636201982
29,dgc_012,239.57851963043214,211.1097694913008,3.0,5,0.0043388848908147695
30,ine_037,227.90451946258545,201.95711111703173,3.2,5,0.004127463002818408
31,sea_008,204.1751498222351,62.85612740283537,3.4,5,0.0036977124410405965
32,rep_005,194.93475952148438,186.1132895687853,3.0,5,0.003530364425354528
33,tipocliente,193.77482995986938,260.50622084446354,6.8,5,0.0035093575301743413
34,sea_007,190.7682804107666,116.0729834517096,3.4,5,0.003454907438270397
35,ine_054,189.45830307006835,283.1814311520485,2.0,5,0.0034311831039701723
36,dgc_019,188.7394763946533,56.83937186099487,3.2,5,0.003418164799132643
37,ine_020,185.83937969207764,351.77060034228055,2.8,5,0.0033656426206664022
38,sea_010,181.0033227920532,151.74122724742904,3.4,5,0.003278059250308306
39,ine_005,178.4913818359375,203.75889229455345,2.6,5,0.003232566763427922
40,rep_004,175.89505844116212,223.39594434970815,1.8,5,0.003185546069057504
41,ine_057,171.4171217918396,157.6735781003243,3.8,5,0.003104448432676153
42,ine_016,169.8224193572998,143.22288965720998,2.6,5,0.00307556758680882
43,dgc_015,168.91483993530272,213.44089047512642,2.4,5,0.003059130876842534
44,dgc_003,162.28014068603517,189.28378459458156,3.2,5,0.0029389732083998314
45,dgc_006,159.62890014648437,242.8438277541196,2.8,5,0.002890957937511951
46,ine_053,157.79083709716798,110.60897326283778,1.6,5,0.0028576697111494785
47,ine_008,156.14365997314454,140.42568783448948,2.8,5,0.0028278385228319883
48,dgc_010,149.99327697753907,98.97159708579292,2.4,5,0.00271645206008265
49,ine_040,148.93801860809327,202.23926529043078,2.4,5,0.002697340811702966
50,formapago_agrupado,148.04583854675292,145.1287791413971,3.4,5,0.002681182991736438
51,rep_010,143.73027667999267,160.88742120480313,2.0,5,0.00260302604257444
52,dgc_017,142.6827522277832,205.6524165227071,4.0,5,0.0025840548592418865
53,dgc_009,139.81321887969972,176.05197279681272,2.6,5,0.0025320861981662003
54,dgc_001,139.7269055366516,151.07746347270825,3.8,5,0.0025305230210474635
55,ine_051,132.80505752563477,268.99954687034466,1.6,5,0.0024051649472191187
56,ine_044,130.44513130187988,76.31432698684013,3.6,5,0.0023624255219505982
57,sea_006,129.49136972427368,153.42464086784602,2.8,5,0.002345152430419276
58,ine_009,129.19273767471313,121.50778834809815,2.2,5,0.002339744057040268
59,rep_006,123.54909763336181,89.8006098467366,1.6,5,0.002237534958568545
60,sea_004,123.47073745727539,143.75509116218348,2.4,5,0.002236115817217361
61,ine_047,122.42824058532715,176.901414666233,0.8,5,0.002217235685837489
62,ine_045,113.29470081329346,122.58770094222456,2.8,5,0.002051822785809289
63,dgc_014,110.55759391784667,111.09277023345105,3.4,5,0.002002252432959966
64,dgc_008,109.47794132232666,128.60166436049624,2.6,5,0.001982699393141301
65,ine_007,102.94339904785156,142.02806710643122,1.8,5,0.0018643556168008908
66,rep_007,99.93454160690308,68.65517349669369,2.4,5,0.0018098637278398712
67,ine_035,98.66476154327393,114.44789077761716,1.4,5,0.0017868673860090716
68,ine_018,98.48508186340332,88.55554783425478,2.2,5,0.001783613298583456
69,ine_017,96.63067951202393,65.87209655296094,2.0,5,0.0017500291594197987
70,dgc_004,95.15553932189941,97.37006934457058,2.2,5,0.0017233136446372626
71,ine_027,91.50447101593018,88.94630921497067,2.2,5,0.001657191000868784
72,rep_002,91.33959980010987,75.98923050900206,1.4,5,0.001654205102014594
73,ine_050,89.28890895843506,69.97322772999308,1.6,5,0.0016170660816950744
74,sea_003,89.13748607635497,104.54577717832812,2.0,5,0.0016143237387830538
75,ine_036,88.83025979995728,73.80897459390164,2.0,5,0.0016087597197266728
76,sea_002,86.97238979339599,125.58356912893608,3.0,5,0.0015751127796211845
77,ine_001,86.42239990234376,84.93742397657886,1.4,5,0.0015651521920356677
78,ine_015,86.0627236366272,28.854085861318012,2.0,5,0.0015586382778612685
79,ine_034,85.63018531799317,74.30794943062783,2.4,5,0.0015508047960519867
80,rep_009,84.47409934997559,120.22609447392281,1.4,5,0.0015298675102433418
81,ine_041,84.29867992401122,78.80011556552734,2.0,5,0.0015266905781125052
82,dgc_002,77.83446083068847,74.25557042418964,2.2,5,0.001409620389189893
83,dgc_007,75.74859981536865,64.026768523909,2.2,5,0.0013718444197178738
84,ign_001,75.71081924438477,136.24283144096447,1.8,5,0.0013711601949849505
85,ine_012,73.50471992492676,98.89859376330037,1.6,5,0.0013312066506538534
86,ine_042,71.76187915802002,92.04435573100353,1.6,5,0.001299642946686183
87,ine_021,68.7398193359375,77.30430836903811,1.8,5,0.0012449119561057293
88,ine_028,67.23656044006347,78.59355815348788,1.0,5,0.001217687197724418
89,ine_006,65.64986095428466,69.39797566773993,1.4,5,0.0011889512891975222
90,ine_024,63.489479064941406,118.70959903719812,0.8,5,0.00114982571002406
91,osm_001,62.79520092010498,92.01549372879077,1.8,5,0.0011372519911560226
92,ine_031,62.68164196014404,64.39828490934833,1.0,5,0.0011351953825070034
93,dgc_016,59.55946216583252,90.03483729999323,2.4,5,0.0010786511699588904
94,contratalunas,57.46024398803711,61.56133157308902,2.0,5,0.0010406332957011715
95,ine_011,57.229499626159665,127.96905148239182,1.0,5,0.0010364544017546894
96,ine_046,54.638499069213864,81.56958853524182,0.8,5,0.000989530106596816
97,ine_043,49.75227661132813,78.50296728561493,1.0,5,0.000901038213298602
98,formapago,49.34755611419678,77.41146430073114,3.6,5,0.0008937085259263156
99,dgc_011,48.83141937255859,47.05533937069292,1.2,5,0.0008843610355363474
100,rep_001,48.51164093017578,56.23986530105568,1.6,5,0.0008785696905768603
101,ine_023,47.00862083435059,70.29396929076832,1.0,5,0.0008513492569819509
102,ine_033,46.453399658203125,51.0621071133887,1.4,5,0.0008412939282489628
103,ine_010,46.29540023803711,56.05320877114358,1.6,5,0.0008384324809957895
104,ine_022,43.72614002227783,51.7238032329262,1.4,5,0.0007919019141155632
105,tomadorexperian,43.145696544647215,59.20141376266167,3.6,5,0.0007813897970904293
106,dgc_020,40.802399444580075,41.18566353651586,0.8,5,0.0007389515334353437
107,dgc_013,40.34943885803223,64.9165502595004,1.2,5,0.0007307481943040279
108,ine_013,39.89101848602295,89.19902902644806,0.8,5,0.0007224459757711603
109,ine_055,39.75818290710449,52.615503074604405,0.6,5,0.000720040258066497
110,ine_014,37.87273960113525,38.73878659786534,1.0,5,0.0006858939519394821
111,sea_001,36.13564605712891,53.10625628775924,1.6,5,0.0006544343330068355
112,contratadanyospropios,35.89151611328125,53.74015819232666,1.0,5,0.0006500130195836203
113,ine_004,34.9468994140625,43.65230841542633,1.2,5,0.0006329055463002311
114,tomadorcomarcaid,34.78500061035156,77.78162596211777,0.2,5,0.0006299734792921121
115,ine_002,33.20571937561035,64.11193345676185,0.4,5,0.0006013719189421435
116,ine_019,33.10647964477539,63.98967523148027,1.2,5,0.0005995746385793107
117,ine_039,30.856840324401855,42.52793942115182,1.2,5,0.0005588325634049232
118,ine_030,30.43774070739746,33.74470054708966,0.8,5,0.0005512424630955479
119,ine_038,27.91858615875244,54.43393528403247,1.2,5,0.0005056193345045373
120,ine_056,26.682479667663575,26.58289243945807,1.4,5,0.0004832328376437299
121,ine_026,25.743580627441407,57.56439626720567,0.4,5,0.0004662289139785175
122,ine_032,24.965573883056642,34.78335032204892,1.2,5,0.00045213882896851627
123,ine_029,23.893780517578126,34.22188365431214,0.4,5,0.0004327281236735515
124,tomadornacionalidadid,22.353411865234374,42.556447553253484,2.4,5,0.0004048312893402866
125,ine_049,21.76396083831787,31.292056149326523,0.6,5,0.00039415604116483044
126,ine_048,18.175059509277343,29.32440708914423,0.4,5,0.00032915927194186457
127,contrataasistencia,11.429920196533203,25.558078536845997,0.4,5,0.00020700147960033138
128,tipo,10.72922592163086,14.850900474277799,1.0,5,0.00019431156145932287
129,categoria,6.447940063476563,14.418032296777904,0.2,5,0.00011677536768093444
130,ine_003,5.786779975891113,12.939633396927125,0.4,5,0.00010480143312762199
131,tipodocumento,4.2731201171875,9.554987058053118,0.2,5,7.738830819099188e-05
132,ine_025,4.2726600646972654,9.553958349411735,0.2,5,7.737997641399476e-05
133,rep_003,3.584600067138672,8.01540942227238,0.2,5,6.49188712532055e-05
134,subramo,0.0,0.0,0.0,5,0.0
135,garantiaasistencia,0.0,0.0,0.0,5,0.0
136,motor,0.0,0.0,0.0,5,0.0
137,scoring,0.0,0.0,0.0,5,0.0
138,canalnombre,0.0,0.0,0.0,5,0.0
139,zona,0.0,0.0,0.0,5,0.0
140,tomadorprovinciaid,0.0,0.0,0.0,5,0.0
141,tomadorcategoriacarnet,0.0,0.0,0.0,5,0.0
142,flota,0.0,0.0,0.0,5,0.0
143,ine_052,0.0,0.0,0.0,5,0.0
144,dias_notificacion2,0.0,0.0,0.0,5,0.0
